World Championship (2025 format),,,,,,,,,,,,World Championship (2027 format),,,,,,,,,,,,
2500,,,,-42%,-42%,-42%,-42%,-42%,-42%,,,2500,,,,-46%,-46%,-46%,-46%,-46%,-42%,,,
,,,100%,58%,34%,20%,11%,"6,6%","3,8%",,,,,,100%,54%,29%,16%,9%,"4,6%","2,7%",,,
,,MROUND,100,50,25,10,10,5,5,,,,,MROUND,10,50,25,10,10,5,5,,,
,,Group Place,Stage 8,Stage 7,Stage 6,Stage 5,Stage 4,Stage 3,Stage 2,Stage 1,,,,"# ""groups""",1,3,8,20,45,,,,,
,100%,1,2500,,,,,,,,,,,Group Place,F+SF,Stage 4,Stage 3,Stage 2,Stage 1B,Stage 1A,,,,
-24%,76%,2,1900,1250,700,390,210,115,65,,,,100%,1,2500,,,,,,,,,
-16%,64%,3,1600,1100,570,320,170,95,55,,,-20%,80%,2,2000,,,,,,,,,
-16%,54%,4,1400,950,470,260,140,80,45,20,,-15%,68%,3,1700,,,,,,,,,
,,0,,,,,,130,75,,,-12%,60%,4,1500,,,,,,,,,
,,,,,,,,,,,,-10%,54%,5,1350,,,,,,,,,
,,,,,,,,,,,,-7%,50%,6,1250,720,,200,,,,,,
International Championship,,,,,,,,,,,,-4%,48%,7,1200,690,375,190,100,,,,,
1000,,,,-45%,-45%,-45%,-45%,-50%,,,,-4%,46%,8,1150,660,360,180,95,,,,,
,,,100%,55%,30%,17%,"9,2%","4,6%",,,,-4%,44%,9,1100,630,345,170,90,40,,,,
,,MROUND,10,10,10,5,1,1,,,,-4%,43%,10,1060,600,330,160,86,37,,,,
,,Group Place,Grandmaster,Master,Platinum,Gold,Silver,Bronze,Wood,,,-4%,41%,11,1020,570,315,150,82,34,,,,
,100%,1,1000,550,300,165,92,46,27,,,-4%,39%,12,980,540,300,145,78,31,,,,
-25%,75%,2,750,410,230,125,69,34,20,,,-4%,38%,13,940,510,285,140,74,28,,,,
-14%,65%,3,650,350,200,105,59,30,15,,,-4%,36%,14,900,480,270,135,70,25,,,,
-12%,57%,4,570,310,170,95,52,26,10,,,-4%,35%,15,860,450,255,130,67,22,,,,
-10%,51%,5,510,280,150,85,47,23,6,,,-4%,33%,16,820,420,240,125,64,20,,,,
-8%,47%,6,470,260,140,80,43,22,3,,,,,,,,,,,,,,,
-6%,44%,7,440,240,130,75,40,20,1,,,,,,,,,,,,,,,
,,,,,,,,,,,,,,,,,,,,,,,,
,,,,,,,,,,,,,,,,,,,,,,,,
Intermezzo Championship,,,,,,,,,,,,,,,,,,,,,,,,
1000,,,,-45%,-45%,-45%,-45%,-50%,,,,,,,,,,,,,,,,
,,,100%,55%,30%,17%,"9,2%","4,6%",,,,,,,,,,,,,,,,
,,MROUND,10,10,10,5,1,1,,,,,,,,,,,,,,,,
,,Group Place,Grandmaster,Master,Platinum,Gold,Silver,Bronze,Wood,,,,,,,,,,,,,,,
,100%,1,1000,580,340,185,102,56,30,,,,,,,,,,,,,,,
-25%,75%,2,750,440,250,140,76,42,20,,,,,,,,,,,,,,,
-20%,60%,3,630,370,210,115,64,35,12,,,,,,,,,,,,,,,
-15%,51%,4,540,310,180,100,55,30,6,,,,,,,,,,,,,,,
-12%,45%,5,480,280,160,90,49,27,5,,,,,,,,,,,,,,,
,,,,,,,,,,,,,,,,,,,,,,,,
,,,,,,,,,,,,,,,,,,,,,,,,
Royal League,,,,,,,,,,,,,,,,,,,,,,,,
1000,,,,-45%,-35%,-35%,-35%,-35%,-35%,-35%,,,,,,,,,,,,,,
,,,100%,55%,36%,23%,15%,10%,"6,4%","4,1%",,,,,,,,,,,,,,
,,MROUND,10,10,10,5,5,5,1,1,,,,,,,,,,,,,,
,,Group Place,Emperor,King,Prince,Duke,Marquess,Count,Viscount,Baron,Knight,,,,,,,,,,,,,
,,0,,,440,285,185,120,75,48,30,,,,,,,,,,,,,
,100%,1,1000,550,360,230,150,95,60,38,20,,,,,,,,,,,,,
-14%,86%,2,750,470,310,200,130,80,52,32,15,,,,,,,,,,,,,
-14%,74%,3,650,410,260,170,110,70,44,28,11,,,,,,,,,,,,,
-12%,65%,4,570,360,230,150,100,60,39,25,8,,,,,,,,,,,,,
-10%,59%,5,510,320,210,135,90,55,35,22,6,,,,,,,,,,,,,
-8%,54%,6,470,300,190,125,80,50,32,20,4,,,,,,,,,,,,,
-8%,50%,7,440,270,180,115,75,45,30,19,2,,,,,,,,,,,,,
-8%,46%,8,420,250,160,105,70,45,27,17,1,,,,,,,,,,,,,
,,8 (excl.),0,0,0,0,0,0,0,0,0,,,,,,,,,,,,,
,,,,,,,,,,,,,,,,,,,,,,,,
,,,,,,,,,,,,,,,,,,,,,,,,
Wimbledon,,,,,,,,,,,,,,,,,,,,,,,,
1000,,Group Place,Final,SF,R8,R7,R6,R5,R4,R3,R2,,,,,,,,,,,,,
,,1,1000,,,,,,,,,,,,,,,,,,,,,
,,2,770,480,350,240,150,90,45,25,10,,,,,,,,,,,,,
,,3,650,,,,,,,,,,,,,,,,,,,,,
,,4,600,,,,,,,,,,,,,,,,,,,,,
,,5,550,,,,,,,,,,,,,,,,,,,,,
,,,,,,,,,,,,,,,,,,,,,,,,
,,,,,,,,,,,,,,,,,,,,,,,,
Australian Open,,,,,,,,,,,,,,,,,,,,,,,,
1000,,Group Place,Final,SF,QF,R32,R64,R128,R256,,,,,,,,,,,,,,,
,,1,1000,,,,,,,,,,,,,,,,,,,,,
,,2,660,,,,,,,,,,,,,,,,,,,,,
,,3,660,500,300,180,100,40,10,,,,,,,,,,,,,,,
,,4,660,500,300,180,100,40,10,,,,,,,,,,,,,,,
,,,,,,,,,,,,,,,,,,,,,,,,
,,,,,,,,,,,,,,,,,,,,,,,,
Eiffel Tower,,,,,,,,,,,,,,,,,,,,,,,,
1000,,,,-70%,-40%,-40%,-50%,,,,,,,,,,,,,,,,,
,,,100%,30%,18%,11%,5%,,,,,,,,,,,,,,,,,
,,MROUND,10,5,1,1,1,,,,,,,,,,,,,,,,,
,,Group Place,The Top,The Elevator,2nd Floor,The Stairs,Other,,,,,,,,,,,,,,,,,
,100%,1,1000,350,210,126,63,,,,,,,,,,,,,,,,,
-20%,80%,2,800,280,168,101,48,,,,,,,,,,,,,,,,,
-10%,72%,3,680,240,143,86,41,,,,,,,,,,,,,,,,,
-10%,65%,4,580,200,121,73,34,,,,,,,,,,,,,,,,,
-10%,58%,5,530,185,112,67,32,,,,,,,,,,,,,,,,,
-10%,52%,6,490,170,103,62,29,,,,,,,,,,,,,,,,,
-10%,47%,7,450,160,95,57,26,,,,,,,,,,,,,,,,,
-10%,43%,8,410,145,87,52,24,,,,,,,,,,,,,,,,,
-10%,38%,9,380,135,80,48,22,,,,,,,,,,,,,,,,,
-10%,34%,10,350,125,74,44,20,,,,,,,,,,,,,,,,,
-10%,31%,11,320,115,68,41,18,,,,,,,,,,,,,,,,,
-10%,28%,12,300,105,62,37,17,,,,,,,,,,,,,,,,,
-10%,25%,13,270,95,57,34,15,,,,,,,,,,,,,,,,,
-10%,23%,14,250,90,53,32,14,,,,,,,,,,,,,,,,,
-10%,20%,15,230,80,49,29,13,,,,,,,,,,,,,,,,,
-10%,18%,16,210,75,45,27,11,,,,,,,,,,,,,,,,,
-10%,16%,17,200,70,41,25,10,,,,,,,,,,,,,,,,,
-10%,15%,18,180,65,38,23,9,,,,,,,,,,,,,,,,,
-10%,13%,19,170,60,35,21,8,,,,,,,,,,,,,,,,,
-10%,12%,20,150,55,32,19,8,,,,,,,,,,,,,,,,,
-10%,11%,21,140,50,29,18,7,,,,,,,,,,,,,,,,,
-10%,10%,22,130,45,27,16,6,,,,,,,,,,,,,,,,,
-10%,9%,23,120,40,25,15,5,,,,,,,,,,,,,,,,,
-10%,8%,24,110,40,23,14,5,,,,,,,,,,,,,,,,,
-10%,7%,25,100,35,21,13,4,,,,,,,,,,,,,,,,,
,,<0,0,0,0,0,0,,,,,,,,,,,,,,,,,
,,,,,,,,,,,,,,,,,,,,,,,,
,,,,,,,,,,,,,,,,,,,,,,,,
Mercurial Ladder  / Sodium Ladder,,,,,,,,,,,,,,,,,,,,,,,,
,Mercurial leaderboard is created based on total points gained during previous 10 rounds,,,,,,,,,,,,,,,,,,,,,,,
1000,,,,-20%,-20%,-20%,-20%,-20%,-20%,-20%,-20%,-20%,-20%,-20%,-20%,-20%,-20%,-20%,-20%,-20%,-20%,-20%,-20%,-20%
,,,100%,80%,64%,51%,41%,33%,26%,21%,17%,13%,11%,9%,7%,5%,4%,4%,3%,2%,2%,#REF!,#REF!,#REF!
,,MROUND,10,10,1,1,1,1,1,1,1,1,1,1,1,1,1,1,1,1,1,1,1,1
,,Round Place,Rung 1,Rung 2,Rung 3,Rung 4,Rung 5,Rung 6,Rung 7,Rung 8,Rung 9,Rung 10,Rung 11,Rung 12,Rung 13,Rung 14,Rung 15,Rung 16,Rung 17,Rung 18,Rung 19,Rung 21,Rung 22,Rung 23+
,100%,1,1000,800,640,512,410,328,262,210,168,134,107,86,69,55,44,35,28,23,18,#REF!,#REF!,#REF!
,40%,2,400,320,256,205,164,131,105,84,67,54,43,34,27,22,18,14,11,9,7,#REF!,#REF!,#REF!
,0%,3,0,0,0,0,0,0,0,0,0,0,0,0,0,0,0,0,0,0,0,#REF!,#REF!,#REF!
,,,,,,,,,,,,,,,,,,,,,,,,
,Sodium leaderboard is created based on total points gained during previous 12 months (8 rounds),,,,,,,,,,,,,,,,,,,,,,,
1000,,,,-20%,-20%,-20%,-20%,-20%,-20%,-20%,-20%,-20%,-20%,-20%,-20%,-20%,-20%,-20%,-20%,-20%,-20%,-20%,-20%,-20%
,,,100%,80%,64%,51%,41%,33%,26%,21%,17%,13%,11%,9%,7%,5%,4%,4%,3%,2%,2%,#REF!,#REF!,#REF!
,,MROUND,10,10,10,10,5,5,5,5,5,5,5,1,1,1,1,1,1,1,1,1,1,1
,,Round Place,Rung 1,Rung 2,Rung 3,Rung 4,Rung 6,Rung 8,Rung 10,Rung 12,Rung 14,Rung 16,Rung 18,Rung 20,Rung 22,Rung 24,Rung 26,Rung 28,Rung 30,Rung 32,Rung 34,Rung 38,Rung 40,Rung 40+
,100%,1,1000,800,640,510,410,330,260,210,170,135,105,86,69,55,44,35,28,23,18,#REF!,#REF!,#REF!
,50%,2,500,400,320,260,205,165,130,105,85,65,55,43,34,27,22,18,14,11,9,#REF!,#REF!,#REF!
,17%,3,170,130,110,90,70,55,45,35,30,20,20,14,11,9,7,6,5,4,3,#REF!,#REF!,#REF!
,0%,4,0,0,0,0,0,0,0,0,0,0,0,0,0,0,0,0,0,0,0,#REF!,#REF!,#REF!
,,,,,,,,,,,,,,,,,,,,,,,,
,Ranking points are awarded according to the place in tournament leaderboard ,,,,,,,,,,,,,,,,,,,,,,,
,,for Mercurial Ladder / Sodium Ladder,,,,,,,,,,,,,,,,,,,,,,
,,Leaderboard,,1..,2..,3..,4..,5..,6..,7..,8..,9..,10..,11..,12..,13..,14..,15..,16..,17..,18..,,,
,,0,,350,250,200,160,140,120,100,90,80,70,60,50,40,30,25,20,15,10,,,
,100%,1,1000,340,245,196,158,138,118,99,89,79,69,59,49,39,30,25,20,15,10,,,
-25%,75%,2,750,330,240,192,156,136,116,98,88,78,68,58,48,38,29,24,19,14,9,,,
-15%,64%,3,640,320,235,188,154,134,114,97,87,77,67,57,47,37,29,24,19,14,9,,,
-10%,57%,4,570,310,230,184,152,132,112,96,86,76,66,56,46,36,28,23,18,13,8,,,
-10%,52%,5,520,300,225,180,150,130,110,95,85,75,65,55,45,35,28,23,18,13,8,,,
-8%,48%,6,480,290,220,176,148,128,108,94,84,74,64,54,44,34,27,22,17,12,7,,,
-8%,44%,7,440,280,215,172,146,126,106,93,83,73,63,53,43,33,27,22,17,12,7,,,
-8%,40%,8,400,270,210,168,144,124,104,92,82,72,62,52,42,32,26,21,16,11,6,,,
-8%,37%,9,370,260,205,164,142,122,102,91,81,71,61,51,41,31,26,21,16,11,6,,,
,,,,,,,,,,,,,,,,,,,,,,,,
,,,,,,,,,,,,,,,,,,,,,,,,
Snail Cup,,,,,,,,,,,,,,,,,,for Transcontinental Ladder,,,,,,
1000,,,,-40%,-60%,-75%,,,,,,,,,,,,Leaderboard,,1..,2..,4..,,
,,,100%,60%,24%,6%,,,,,,,,,,,,0,,320,210,10,,
,,MROUND,10,10,5,5,,,,,,,,,,,100%,1,1000,300,200,,,
,,Group Place,Final,Stage 3,Stage 2,Stage 1,,,,,,,,,,-25%,75%,2,750,290,190,,,
,100%,1,1000,,,,,,,,,,,,,-15%,64%,3,640,280,180,,,
-25%,75%,2,750,,,,,,,,,,,,,-10%,57%,4,570,270,170,,,
-12%,66%,3,660,,,,,,,,,,,,,-10%,52%,5,520,260,160,,,
-12%,58%,4,580,350,140,35,,,,,,,,,,-10%,46%,6,460,250,150,,,
-12%,51%,5,510,310,125,30,,,,,,,,,,-10%,42%,7,420,240,140,,,
-12%,45%,6,450,270,110,25,,,,,,,,,,-10%,38%,8,380,230,130,,,
-12%,40%,7,,240,95,15,,,,,,,,,,-10%,34%,9,340,220,120,,,
-12%,35%,8,,210,85,10,,,,,,,,,,,,,,,,,,
-12%,31%,9,,180,75,5,,,,,,,,,,,,,,,,,,
-12%,27%,10,,,65,,,,,,,,,,,,,,,,,,,
-12%,24%,11,,,55,,,,,,,,,,,,,,,,,,,
-12%,21%,12,,,50,,,,,,,,,,,,,,,,,,,
-12%,18%,13,,,45,,,,,,,,,,,,,,,,,,,
,,,,,,,,,,,,,,,,,,,,,,,,
,,,,,,,,,,,,,,,,,,,,,,,,
Quick & Dirty,,,,,,,,,,,,,,,,,,,,,,,,
600,"Quick & Dirty leaderboard is created by tournament organiser, zadokk, and is available here:",,,,,,,,,,,,,,,,,,,,,,,
,https://docs.google.com/spreadsheets/d/1L29OO3zpoYSJRd4DkJ6rofiWQoy38BDBesw7brKxdTY/,,,,,,,,,,,,,,,,,,,,,,,
,Ranking points are awarded according to the place in tournament leaderbord ,,,,,,,,,,,,,,,,,,,,,,,
,,,,,,,,,,,,,,,,,,,,,,,,
,,Leaderboard,,1..,2..,3..,,,,,,,,,,,,,,,,,,
,,0,,180,80,30,,,,,,,,,,,,,,,,,,
,100%,1,600,160,75,25,,,,,,,,,,,,,,,,,,
-25%,75%,2,450,140,70,20,,,,,,,,,,,,,,,,,,
-15%,64%,3,380,130,65,15,,,,,,,,,,,,,,,,,,
-10%,57%,4,340,120,60,10,,,,,,,,,,,,,,,,,,
-10%,52%,5,310,110,55,5,,,,,,,,,,,,,,,,,,
-10%,46%,6,280,100,50,,,,,,,,,,,,,,,,,,,
-10%,42%,7,250,95,45,,,,,,,,,,,,,,,,,,,
-10%,38%,8,230,90,40,,,,,,,,,,,,,,,,,,,
-10%,34%,9,200,85,35,,,,,,,,,,,,,,,,,,,
,,,,,,,,,,,,,,,,,,,,,,,,
,,,,,,,,,,,,,,,,,,,,,,,,
,IM,,,,,,,,,,,,,,,,,,,,,,,
1,1000,,,,,,,,,,,,,,,,,,,,,,,
2,750,,,,,,,,,,,,,,,,,,,,,,,
3,630,,,,,,,,,,,,,,,,,,,,,,,
4,580,,,,,,,,,,,,,,,,,,,,,,,
5,580,,,,,,,,,,,,,,,,,,,,,,,
6,540,,,,,,,,,,,,,,,,,,,,,,,
7,480,,,,,,,,,,,,,,,,,,,,,,,
8,440,,,,,,,,,,,,,,,,,,,,,,,
9,440,,,,,,,,,,,,,,,,,,,,,,,
10,370,,,,,,,,,,,,,,,,,,,,,,,
11,370,,,,,,,,,,,,,,,,,,,,,,,
12,340,,,,,,,,,,,,,,,,,,,,,,,
13,340,,,,,,,,,,,,,,,,,,,,,,,
14,340,,,,,,,,,,,,,,,,,,,,,,,
15,340,,,,,,,,,,,,,,,,,,,,,,,
16,310,,,,,,,,,,,,,,,,,,,,,,,
17,310,,,,,,,,,,,,,,,,,,,,,,,
18,280,,,,,,,,,,,,,,,,,,,,,,,
19,280,,,,,,,,,,,,,,,,,,,,,,,
20,250,,,,,,,,,,,,,,,,,,,,,,,
21,250,,,,,,,,,,,,,,,,,,,,,,,
22,250,,,,,,,,,,,,,,,,,,,,,,,
23,250,,,,,,,,,,,,,,,,,,,,,,,
24,210,,,,,,,,,,,,,,,,,,,,,,,
25,210,,,,,,,,,,,,,,,,,,,,,,,
26,210,,,,,,,,,,,,,,,,,,,,,,,
27,210,,,,,,,,,,,,,,,,,,,,,,,
28,185,,,,,,,,,,,,,,,,,,,,,,,
29,185,,,,,,,,,,,,,,,,,,,,,,,
30,185,,,,,,,,,,,,,,,,,,,,,,,
31,185,,,,,,,,,,,,,,,,,,,,,,,
32,185,,,,,,,,,,,,,,,,,,,,,,,
33,185,,,,,,,,,,,,,,,,,,,,,,,
34,185,,,,,,,,,,,,,,,,,,,,,,,
35,185,,,,,,,,,,,,,,,,,,,,,,,
36,180,,,,,,,,,,,,,,,,,,,,,,,
37,180,,,,,,,,,,,,,,,,,,,,,,,
38,180,,,,,,,,,,,,,,,,,,,,,,,
39,180,,,,,,,,,,,,,,,,,,,,,,,
40,160,,,,,,,,,,,,,,,,,,,,,,,
41,160,,,,,,,,,,,,,,,,,,,,,,,
42,160,,,,,,,,,,,,,,,,,,,,,,,
43,160,,,,,,,,,,,,,,,,,,,,,,,
44,140,,,,,,,,,,,,,,,,,,,,,,,
45,140,,,,,,,,,,,,,,,,,,,,,,,
46,140,,,,,,,,,,,,,,,,,,,,,,,
47,140,,,,,,,,,,,,,,,,,,,,,,,
48,140,,,,,,,,,,,,,,,,,,,,,,,
49,140,,,,,,,,,,,,,,,,,,,,,,,
50,140,,,,,,,,,,,,,,,,,,,,,,,
51,140,,,,,,,,,,,,,,,,,,,,,,,
52,115,,,,,,,,,,,,,,,,,,,,,,,
53,115,,,,,,,,,,,,,,,,,,,,,,,
54,115,,,,,,,,,,,,,,,,,,,,,,,
55,115,,,,,,,,,,,,,,,,,,,,,,,
56,115,,,,,,,,,,,,,,,,,,,,,,,
57,115,,,,,,,,,,,,,,,,,,,,,,,
58,115,,,,,,,,,,,,,,,,,,,,,,,
59,115,,,,,,,,,,,,,,,,,,,,,,,
60,102,,,,,,,,,,,,,,,,,,,,,,,
61,102,,,,,,,,,,,,,,,,,,,,,,,
62,102,,,,,,,,,,,,,,,,,,,,,,,
63,102,,,,,,,,,,,,,,,,,,,,,,,
64,102,,,,,,,,,,,,,,,,,,,,,,,
65,102,,,,,,,,,,,,,,,,,,,,,,,
66,102,,,,,,,,,,,,,,,,,,,,,,,
67,102,,,,,,,,,,,,,,,,,,,,,,,
68,102,,,,,,,,,,,,,,,,,,,,,,,
69,102,,,,,,,,,,,,,,,,,,,,,,,
70,102,,,,,,,,,,,,,,,,,,,,,,,
71,102,,,,,,,,,,,,,,,,,,,,,,,
72,102,,,,,,,,,,,,,,,,,,,,,,,
73,102,,,,,,,,,,,,,,,,,,,,,,,
74,102,,,,,,,,,,,,,,,,,,,,,,,
75,102,,,,,,,,,,,,,,,,,,,,,,,
76,100,,,,,,,,,,,,,,,,,,,,,,,
77,100,,,,,,,,,,,,,,,,,,,,,,,
78,100,,,,,,,,,,,,,,,,,,,,,,,
79,100,,,,,,,,,,,,,,,,,,,,,,,
80,100,,,,,,,,,,,,,,,,,,,,,,,
81,100,,,,,,,,,,,,,,,,,,,,,,,
82,100,,,,,,,,,,,,,,,,,,,,,,,
83,100,,,,,,,,,,,,,,,,,,,,,,,
84,90,,,,,,,,,,,,,,,,,,,,,,,
85,90,,,,,,,,,,,,,,,,,,,,,,,
86,90,,,,,,,,,,,,,,,,,,,,,,,
87,90,,,,,,,,,,,,,,,,,,,,,,,
88,90,,,,,,,,,,,,,,,,,,,,,,,
89,90,,,,,,,,,,,,,,,,,,,,,,,
90,90,,,,,,,,,,,,,,,,,,,,,,,
91,90,,,,,,,,,,,,,,,,,,,,,,,
92,76,,,,,,,,,,,,,,,,,,,,,,,
93,76,,,,,,,,,,,,,,,,,,,,,,,
94,76,,,,,,,,,,,,,,,,,,,,,,,
95,76,,,,,,,,,,,,,,,,,,,,,,,
96,76,,,,,,,,,,,,,,,,,,,,,,,
97,76,,,,,,,,,,,,,,,,,,,,,,,
98,76,,,,,,,,,,,,,,,,,,,,,,,
99,76,,,,,,,,,,,,,,,,,,,,,,,
100,76,,,,,,,,,,,,,,,,,,,,,,,
101,76,,,,,,,,,,,,,,,,,,,,,,,
102,76,,,,,,,,,,,,,,,,,,,,,,,
103,76,,,,,,,,,,,,,,,,,,,,,,,
104,76,,,,,,,,,,,,,,,,,,,,,,,
105,76,,,,,,,,,,,,,,,,,,,,,,,
106,76,,,,,,,,,,,,,,,,,,,,,,,
107,76,,,,,,,,,,,,,,,,,,,,,,,
108,64,,,,,,,,,,,,,,,,,,,,,,,
109,64,,,,,,,,,,,,,,,,,,,,,,,
110,64,,,,,,,,,,,,,,,,,,,,,,,
111,64,,,,,,,,,,,,,,,,,,,,,,,
112,64,,,,,,,,,,,,,,,,,,,,,,,
113,64,,,,,,,,,,,,,,,,,,,,,,,
114,64,,,,,,,,,,,,,,,,,,,,,,,
115,64,,,,,,,,,,,,,,,,,,,,,,,
116,64,,,,,,,,,,,,,,,,,,,,,,,
117,64,,,,,,,,,,,,,,,,,,,,,,,
118,64,,,,,,,,,,,,,,,,,,,,,,,
119,64,,,,,,,,,,,,,,,,,,,,,,,
120,64,,,,,,,,,,,,,,,,,,,,,,,
121,64,,,,,,,,,,,,,,,,,,,,,,,
122,64,,,,,,,,,,,,,,,,,,,,,,,
123,64,,,,,,,,,,,,,,,,,,,,,,,
124,56,,,,,,,,,,,,,,,,,,,,,,,
125,56,,,,,,,,,,,,,,,,,,,,,,,
126,56,,,,,,,,,,,,,,,,,,,,,,,
127,56,,,,,,,,,,,,,,,,,,,,,,,
128,56,,,,,,,,,,,,,,,,,,,,,,,
129,56,,,,,,,,,,,,,,,,,,,,,,,
130,56,,,,,,,,,,,,,,,,,,,,,,,
131,56,,,,,,,,,,,,,,,,,,,,,,,
132,56,,,,,,,,,,,,,,,,,,,,,,,
133,56,,,,,,,,,,,,,,,,,,,,,,,
134,56,,,,,,,,,,,,,,,,,,,,,,,
135,56,,,,,,,,,,,,,,,,,,,,,,,
136,56,,,,,,,,,,,,,,,,,,,,,,,
137,56,,,,,,,,,,,,,,,,,,,,,,,
138,56,,,,,,,,,,,,,,,,,,,,,,,
139,56,,,,,,,,,,,,,,,,,,,,,,,
140,56,,,,,,,,,,,,,,,,,,,,,,,
141,56,,,,,,,,,,,,,,,,,,,,,,,
142,56,,,,,,,,,,,,,,,,,,,,,,,
143,56,,,,,,,,,,,,,,,,,,,,,,,
144,56,,,,,,,,,,,,,,,,,,,,,,,
145,56,,,,,,,,,,,,,,,,,,,,,,,
146,56,,,,,,,,,,,,,,,,,,,,,,,
147,56,,,,,,,,,,,,,,,,,,,,,,,
148,56,,,,,,,,,,,,,,,,,,,,,,,
149,56,,,,,,,,,,,,,,,,,,,,,,,
150,56,,,,,,,,,,,,,,,,,,,,,,,
151,56,,,,,,,,,,,,,,,,,,,,,,,
152,56,,,,,,,,,,,,,,,,,,,,,,,
153,56,,,,,,,,,,,,,,,,,,,,,,,
154,56,,,,,,,,,,,,,,,,,,,,,,,
155,56,,,,,,,,,,,,,,,,,,,,,,,
156,55,,,,,,,,,,,,,,,,,,,,,,,
157,55,,,,,,,,,,,,,,,,,,,,,,,
158,55,,,,,,,,,,,,,,,,,,,,,,,
159,55,,,,,,,,,,,,,,,,,,,,,,,
160,55,,,,,,,,,,,,,,,,,,,,,,,
161,55,,,,,,,,,,,,,,,,,,,,,,,
162,55,,,,,,,,,,,,,,,,,,,,,,,
163,55,,,,,,,,,,,,,,,,,,,,,,,
164,55,,,,,,,,,,,,,,,,,,,,,,,
165,55,,,,,,,,,,,,,,,,,,,,,,,
166,55,,,,,,,,,,,,,,,,,,,,,,,
167,55,,,,,,,,,,,,,,,,,,,,,,,
168,55,,,,,,,,,,,,,,,,,,,,,,,
169,55,,,,,,,,,,,,,,,,,,,,,,,
170,55,,,,,,,,,,,,,,,,,,,,,,,
171,55,,,,,,,,,,,,,,,,,,,,,,,
172,49,,,,,,,,,,,,,,,,,,,,,,,
173,49,,,,,,,,,,,,,,,,,,,,,,,
174,49,,,,,,,,,,,,,,,,,,,,,,,
175,49,,,,,,,,,,,,,,,,,,,,,,,
176,49,,,,,,,,,,,,,,,,,,,,,,,
177,49,,,,,,,,,,,,,,,,,,,,,,,
178,49,,,,,,,,,,,,,,,,,,,,,,,
179,49,,,,,,,,,,,,,,,,,,,,,,,
180,49,,,,,,,,,,,,,,,,,,,,,,,
181,49,,,,,,,,,,,,,,,,,,,,,,,
182,49,,,,,,,,,,,,,,,,,,,,,,,
183,49,,,,,,,,,,,,,,,,,,,,,,,
184,49,,,,,,,,,,,,,,,,,,,,,,,
185,49,,,,,,,,,,,,,,,,,,,,,,,
186,49,,,,,,,,,,,,,,,,,,,,,,,
187,49,,,,,,,,,,,,,,,,,,,,,,,
188,42,,,,,,,,,,,,,,,,,,,,,,,
189,42,,,,,,,,,,,,,,,,,,,,,,,
190,42,,,,,,,,,,,,,,,,,,,,,,,
191,42,,,,,,,,,,,,,,,,,,,,,,,
192,42,,,,,,,,,,,,,,,,,,,,,,,
193,42,,,,,,,,,,,,,,,,,,,,,,,
194,42,,,,,,,,,,,,,,,,,,,,,,,
195,42,,,,,,,,,,,,,,,,,,,,,,,
196,42,,,,,,,,,,,,,,,,,,,,,,,
197,42,,,,,,,,,,,,,,,,,,,,,,,
198,42,,,,,,,,,,,,,,,,,,,,,,,
199,42,,,,,,,,,,,,,,,,,,,,,,,
200,42,,,,,,,,,,,,,,,,,,,,,,,
201,42,,,,,,,,,,,,,,,,,,,,,,,
202,42,,,,,,,,,,,,,,,,,,,,,,,
203,42,,,,,,,,,,,,,,,,,,,,,,,
204,42,,,,,,,,,,,,,,,,,,,,,,,
205,42,,,,,,,,,,,,,,,,,,,,,,,
206,42,,,,,,,,,,,,,,,,,,,,,,,
207,42,,,,,,,,,,,,,,,,,,,,,,,
208,42,,,,,,,,,,,,,,,,,,,,,,,
209,42,,,,,,,,,,,,,,,,,,,,,,,
210,42,,,,,,,,,,,,,,,,,,,,,,,
211,42,,,,,,,,,,,,,,,,,,,,,,,
212,42,,,,,,,,,,,,,,,,,,,,,,,
213,42,,,,,,,,,,,,,,,,,,,,,,,
214,42,,,,,,,,,,,,,,,,,,,,,,,
215,42,,,,,,,,,,,,,,,,,,,,,,,
216,42,,,,,,,,,,,,,,,,,,,,,,,
217,42,,,,,,,,,,,,,,,,,,,,,,,
218,42,,,,,,,,,,,,,,,,,,,,,,,
219,42,,,,,,,,,,,,,,,,,,,,,,,
220,35,,,,,,,,,,,,,,,,,,,,,,,
221,35,,,,,,,,,,,,,,,,,,,,,,,
222,35,,,,,,,,,,,,,,,,,,,,,,,
223,35,,,,,,,,,,,,,,,,,,,,,,,
224,35,,,,,,,,,,,,,,,,,,,,,,,
225,35,,,,,,,,,,,,,,,,,,,,,,,
226,35,,,,,,,,,,,,,,,,,,,,,,,
227,35,,,,,,,,,,,,,,,,,,,,,,,
228,35,,,,,,,,,,,,,,,,,,,,,,,
229,35,,,,,,,,,,,,,,,,,,,,,,,
230,35,,,,,,,,,,,,,,,,,,,,,,,
231,35,,,,,,,,,,,,,,,,,,,,,,,
232,35,,,,,,,,,,,,,,,,,,,,,,,
233,35,,,,,,,,,,,,,,,,,,,,,,,
234,35,,,,,,,,,,,,,,,,,,,,,,,
235,35,,,,,,,,,,,,,,,,,,,,,,,
236,35,,,,,,,,,,,,,,,,,,,,,,,
237,35,,,,,,,,,,,,,,,,,,,,,,,
238,35,,,,,,,,,,,,,,,,,,,,,,,
239,35,,,,,,,,,,,,,,,,,,,,,,,
240,35,,,,,,,,,,,,,,,,,,,,,,,
241,35,,,,,,,,,,,,,,,,,,,,,,,
242,35,,,,,,,,,,,,,,,,,,,,,,,
243,35,,,,,,,,,,,,,,,,,,,,,,,
244,35,,,,,,,,,,,,,,,,,,,,,,,
245,35,,,,,,,,,,,,,,,,,,,,,,,
246,35,,,,,,,,,,,,,,,,,,,,,,,
247,35,,,,,,,,,,,,,,,,,,,,,,,
248,35,,,,,,,,,,,,,,,,,,,,,,,
249,35,,,,,,,,,,,,,,,,,,,,,,,
250,35,,,,,,,,,,,,,,,,,,,,,,,
251,35,,,,,,,,,,,,,,,,,,,,,,,
252,30,,,,,,,,,,,,,,,,,,,,,,,
253,30,,,,,,,,,,,,,,,,,,,,,,,
254,30,,,,,,,,,,,,,,,,,,,,,,,
255,30,,,,,,,,,,,,,,,,,,,,,,,
256,30,,,,,,,,,,,,,,,,,,,,,,,
257,30,,,,,,,,,,,,,,,,,,,,,,,
258,30,,,,,,,,,,,,,,,,,,,,,,,
259,30,,,,,,,,,,,,,,,,,,,,,,,
260,30,,,,,,,,,,,,,,,,,,,,,,,
261,30,,,,,,,,,,,,,,,,,,,,,,,
262,30,,,,,,,,,,,,,,,,,,,,,,,
263,30,,,,,,,,,,,,,,,,,,,,,,,
264,30,,,,,,,,,,,,,,,,,,,,,,,
265,30,,,,,,,,,,,,,,,,,,,,,,,
266,30,,,,,,,,,,,,,,,,,,,,,,,
267,30,,,,,,,,,,,,,,,,,,,,,,,
268,30,,,,,,,,,,,,,,,,,,,,,,,
269,30,,,,,,,,,,,,,,,,,,,,,,,
270,30,,,,,,,,,,,,,,,,,,,,,,,
271,30,,,,,,,,,,,,,,,,,,,,,,,
272,30,,,,,,,,,,,,,,,,,,,,,,,
273,30,,,,,,,,,,,,,,,,,,,,,,,
274,30,,,,,,,,,,,,,,,,,,,,,,,
275,30,,,,,,,,,,,,,,,,,,,,,,,
276,30,,,,,,,,,,,,,,,,,,,,,,,
277,30,,,,,,,,,,,,,,,,,,,,,,,
278,30,,,,,,,,,,,,,,,,,,,,,,,
279,30,,,,,,,,,,,,,,,,,,,,,,,
280,30,,,,,,,,,,,,,,,,,,,,,,,
281,30,,,,,,,,,,,,,,,,,,,,,,,
282,30,,,,,,,,,,,,,,,,,,,,,,,
283,30,,,,,,,,,,,,,,,,,,,,,,,
284,30,,,,,,,,,,,,,,,,,,,,,,,
285,30,,,,,,,,,,,,,,,,,,,,,,,
286,30,,,,,,,,,,,,,,,,,,,,,,,
287,30,,,,,,,,,,,,,,,,,,,,,,,
288,30,,,,,,,,,,,,,,,,,,,,,,,
289,30,,,,,,,,,,,,,,,,,,,,,,,
290,30,,,,,,,,,,,,,,,,,,,,,,,
291,30,,,,,,,,,,,,,,,,,,,,,,,
292,30,,,,,,,,,,,,,,,,,,,,,,,
293,30,,,,,,,,,,,,,,,,,,,,,,,
294,30,,,,,,,,,,,,,,,,,,,,,,,
295,30,,,,,,,,,,,,,,,,,,,,,,,
296,30,,,,,,,,,,,,,,,,,,,,,,,
297,30,,,,,,,,,,,,,,,,,,,,,,,
298,30,,,,,,,,,,,,,,,,,,,,,,,
299,30,,,,,,,,,,,,,,,,,,,,,,,
300,30,,,,,,,,,,,,,,,,,,,,,,,
301,30,,,,,,,,,,,,,,,,,,,,,,,
302,30,,,,,,,,,,,,,,,,,,,,,,,
303,30,,,,,,,,,,,,,,,,,,,,,,,
304,30,,,,,,,,,,,,,,,,,,,,,,,
305,30,,,,,,,,,,,,,,,,,,,,,,,
306,30,,,,,,,,,,,,,,,,,,,,,,,
307,30,,,,,,,,,,,,,,,,,,,,,,,
308,30,,,,,,,,,,,,,,,,,,,,,,,
309,30,,,,,,,,,,,,,,,,,,,,,,,
310,30,,,,,,,,,,,,,,,,,,,,,,,
311,30,,,,,,,,,,,,,,,,,,,,,,,
312,30,,,,,,,,,,,,,,,,,,,,,,,
313,30,,,,,,,,,,,,,,,,,,,,,,,
314,30,,,,,,,,,,,,,,,,,,,,,,,
315,30,,,,,,,,,,,,,,,,,,,,,,,
316,27,,,,,,,,,,,,,,,,,,,,,,,
317,27,,,,,,,,,,,,,,,,,,,,,,,
318,27,,,,,,,,,,,,,,,,,,,,,,,
319,27,,,,,,,,,,,,,,,,,,,,,,,
320,27,,,,,,,,,,,,,,,,,,,,,,,
321,27,,,,,,,,,,,,,,,,,,,,,,,
322,27,,,,,,,,,,,,,,,,,,,,,,,
323,27,,,,,,,,,,,,,,,,,,,,,,,
324,27,,,,,,,,,,,,,,,,,,,,,,,
325,27,,,,,,,,,,,,,,,,,,,,,,,
326,27,,,,,,,,,,,,,,,,,,,,,,,
327,27,,,,,,,,,,,,,,,,,,,,,,,
328,27,,,,,,,,,,,,,,,,,,,,,,,
329,27,,,,,,,,,,,,,,,,,,,,,,,
330,27,,,,,,,,,,,,,,,,,,,,,,,
331,27,,,,,,,,,,,,,,,,,,,,,,,
332,27,,,,,,,,,,,,,,,,,,,,,,,
333,27,,,,,,,,,,,,,,,,,,,,,,,
334,27,,,,,,,,,,,,,,,,,,,,,,,
335,27,,,,,,,,,,,,,,,,,,,,,,,
336,27,,,,,,,,,,,,,,,,,,,,,,,
337,27,,,,,,,,,,,,,,,,,,,,,,,
338,27,,,,,,,,,,,,,,,,,,,,,,,
339,27,,,,,,,,,,,,,,,,,,,,,,,
340,27,,,,,,,,,,,,,,,,,,,,,,,
341,27,,,,,,,,,,,,,,,,,,,,,,,
342,27,,,,,,,,,,,,,,,,,,,,,,,
343,27,,,,,,,,,,,,,,,,,,,,,,,
344,27,,,,,,,,,,,,,,,,,,,,,,,
345,27,,,,,,,,,,,,,,,,,,,,,,,
346,27,,,,,,,,,,,,,,,,,,,,,,,
347,27,,,,,,,,,,,,,,,,,,,,,,,
348,20,,,,,,,,,,,,,,,,,,,,,,,
349,20,,,,,,,,,,,,,,,,,,,,,,,
350,20,,,,,,,,,,,,,,,,,,,,,,,
351,20,,,,,,,,,,,,,,,,,,,,,,,
352,20,,,,,,,,,,,,,,,,,,,,,,,
353,20,,,,,,,,,,,,,,,,,,,,,,,
354,20,,,,,,,,,,,,,,,,,,,,,,,
355,20,,,,,,,,,,,,,,,,,,,,,,,
356,20,,,,,,,,,,,,,,,,,,,,,,,
357,20,,,,,,,,,,,,,,,,,,,,,,,
358,20,,,,,,,,,,,,,,,,,,,,,,,
359,20,,,,,,,,,,,,,,,,,,,,,,,
360,20,,,,,,,,,,,,,,,,,,,,,,,
361,20,,,,,,,,,,,,,,,,,,,,,,,
362,20,,,,,,,,,,,,,,,,,,,,,,,
363,20,,,,,,,,,,,,,,,,,,,,,,,
364,20,,,,,,,,,,,,,,,,,,,,,,,
365,20,,,,,,,,,,,,,,,,,,,,,,,
366,20,,,,,,,,,,,,,,,,,,,,,,,
367,20,,,,,,,,,,,,,,,,,,,,,,,
368,20,,,,,,,,,,,,,,,,,,,,,,,
369,20,,,,,,,,,,,,,,,,,,,,,,,
370,20,,,,,,,,,,,,,,,,,,,,,,,
371,20,,,,,,,,,,,,,,,,,,,,,,,
372,20,,,,,,,,,,,,,,,,,,,,,,,
373,20,,,,,,,,,,,,,,,,,,,,,,,
374,20,,,,,,,,,,,,,,,,,,,,,,,
375,20,,,,,,,,,,,,,,,,,,,,,,,
376,20,,,,,,,,,,,,,,,,,,,,,,,
377,20,,,,,,,,,,,,,,,,,,,,,,,
378,20,,,,,,,,,,,,,,,,,,,,,,,
379,20,,,,,,,,,,,,,,,,,,,,,,,