,,place,player,points,#,wrld,ic_32,ic_33,,,im_29,im_30,,,rl_07,rl_08,,,wmbl,aus,surv,ml,sl,qd
,,1,Grozz,4 380,13,260,1000,750,,,630,750,,,510,510,,,650,500,560,336,525,600
,,2,wolvs,3 970,11,260,310,310,,,1000,1000,,,,550,,,240,40,410,700,147,
,,3,pv4,3 900,9,260,,,,,580,480,,,650,420,,,770,1000,190,,,380
,,4,Weidenbaum,3 740,11,260,550,650,,,440,440,,,440,360,,,1000,660,410,,161,
,,5,Martin_Pecheur,3 230,13,470,280,550,,,340,580,,,570,650,,,240,40,410,158,259,340
,,6,DANeo,3 070,10,470,470,,,,,,,,750,570,,,150,500,40,64,55,310
,,7,Arne,3 020,12,260,570,470,,,340,370,,,470,440,,,45,10,120,,700,250
,,8,saru,2 920,12,260,200,200,,,210,250,,,1000,1000,,,10,180,190,175,189,
,,9,ERock37,2 518,11,470,105,,,,370,580,,,160,90,,,10,300,120,399,399,
,,10,yaop,2 458,12,260,125,300,,,76,76,,,550,750,,,25,100,120,150,448,
,,11,mwi,2 408,10,260,650,440,,,250,,,,230,310,,,,100,300,448,172,
,,12,Eepogi,2 370,6,,550,570,,,540,370,,,,,,,150,,190,,,
,,13,Vovka,2 310,9,260,350,550,,,185,340,,,360,410,,,,300,80,,,
,,14,totsilence,2 305,7,260,165,200,,,750,630,,,,,,,150,300,,,,
,,15,Majondor,2 110,10,470,350,410,,,185,310,,,270,230,,,,,300,,90,30
,,16,Lech,2 090,8,470,260,300,,,370,280,,,,,,,150,,410,,203,
,,17,Raffaello,2 070,13,260,150,230,,,250,340,,,470,470,,,90,40,40,168,129,280
,,18,scipio238,2 060,5,,410,350,,,580,540,,,180,,,,,,,,,
,,19,Dantes,2 025,13,470,300,410,,,185,180,,,300,245,,,240,40,300,238,238,230
,,20,Dazzy,1 868,11,170,,,,,90,76,,,310,320,,,480,100,40,308,280,35
,,21,Gandin,1 865,10,260,125,,,,440,,,,360,270,,,45,100,410,76,,25
,,22,funestus,1 830,6,,510,510,,,250,340,,,,,,,,100,120,,,
,,23,barboucha,1 810,8,,,230,,,340,310,,,,,,,150,660,80,120,33,
,,24,Genghisip,1 750,2,,750,1000,,,,,,,,,,,,,,,,
,,25,Pitor,1 736,11,260,27,92,,,56,185,,,170,230,,,,660,40,231,105,
,,26,Gutemetralla,1 735,7,260,,,,,140,140,,,410,250,,,150,,,525,,
,,27,Lander90,1 726,13,470,165,280,,,102,210,,,125,130,,,240,40,190,99,336,70
,,28,Sektat,1 620,12,260,200,230,,,310,180,,,320,180,,,90,180,300,97,66,
,,29,moemoe,1 615,13,210,69,125,,,340,280,,,185,190,,,45,40,410,43,158,20
,,30,zoldaria,1 577,10,470,46,92,,,56,140,,,,,,,550,100,190,104,123,
,,31,FirstOfDao,1 574,12,260,105,105,,,140,115,,,210,360,,,240,10,120,364,98,
,,32,dannyboy14,1 550,5,260,200,170,,,480,440,,,,,,,,,,,,
,,33,Momomillion,1 506,13,260,170,230,,,115,115,,,80,130,,,45,100,40,259,137,450
,,34,pajada,1 475,11,260,140,165,,,280,160,,,210,,,,350,40,120,210,106,
,,35,Sylvain,1 456,7,260,230,,,,250,,,,,,,,240,100,,245,231,
,,36,holy834,1 448,12,260,59,52,,,64,55,,,150,170,,,600,40,190,78,36,
,,37,Huettengaudi,1 425,11,170,92,165,,,102,140,,,,,,,240,300,410,134,48,45
,,38,Boromir7,1 414,9,210,150,170,,,310,180,,,,,,,,180,80,,364,100
,,39,Allfather,1 410,12,210,240,150,,,160,100,,,310,300,,,25,10,190,111,38,
,,40,321letsjam,1 390,9,260,300,240,,,280,160,,,,150,,,,100,80,132,,
,,41,Drikhen,1 347,6,260,,,,,,,,,285,,,,150,180,300,172,,
,,42,zadokk,1 335,11,470,85,125,,,102,90,,,150,,,,350,10,120,,63,120
,,43,Vantablack,1 272,7,260,410,280,,,76,102,,,,,,,,100,120,,,
,,43,Kolo,1 272,4,260,,,,,102,,,,440,470,,,,,,,,
,,45,Malakesh,1 270,11,260,,46,,,56,90,,,200,160,,,480,10,80,27,9,
,,46,Cogito3,1 266,13,260,125,170,,,90,76,,,260,190,,,90,40,190,196,150,15
,#N/A,47,Yookie,1 259,12,170,69,59,,,76,64,,,230,245,,,350,100,40,15,164,
,,48,Spartan1337,1 255,11,260,140,165,,,210,250,,,130,105,,,45,180,190,,,110
,,48,RestlessMe,1 255,13,210,125,200,,,160,185,,,170,310,,,25,100,80,83,87,180
,,50,Sellux,1 246,7,130,,,,,,,,,60,120,,,45,300,560,,76,
,,51,takusto_II,1 245,8,260,200,300,,,180,115,,,,,,,90,40,190,,,
,,52,GerisNezus,1 229,12,260,230,130,,,185,250,,,150,150,,,90,40,80,154,85,
,,53,yaba,1 225,9,140,170,300,,,210,160,,,,,,,,,80,126,245,85
,#N/A,54,jantteri,1 220,13,260,92,165,,,140,185,,,95,90,,,90,40,190,189,196,200
,,55,Tamirys,1 205,6,210,300,310,,,160,185,,,,,,,,40,,,,
,,56,Praetorianer,1 165,12,260,130,85,,,185,180,,,230,180,,,90,100,40,80,66,
,,57,Doobie,1 150,11,470,85,165,,,115,115,,,150,135,,,45,40,80,,99,
,,58,Gagic,1 142,13,210,170,130,,,180,185,,,130,135,,,90,180,120,217,80,65
,,59,Ristey,1 124,11,210,92,85,,,76,,,,200,160,,,350,40,40,53,112,
,#N/A,60,daimx,1 101,12,140,150,150,,,64,102,,,135,150,,,350,10,120,161,134,
,,61,CaesarSalah,1 097,13,260,125,170,,,76,55,,,230,210,,,25,10,80,92,102,60
,,62,Turdle,1 082,12,260,95,165,,,102,100,,,115,80,,,90,100,300,140,46,
,,63,BlixLT,1 081,13,115,85,125,,,76,64,,,180,135,,,25,10,120,203,308,130
,,64,BoatyMcBoatface,1 035,12,260,165,140,,,100,102,,,135,125,,,150,180,120,77,140,
,,65,Gilgamesh2,1 030,4,130,,,,,,,,,420,440,,,,,40,,,
,,65,darwinian,1 030,6,260,165,,,,100,,,,130,285,,,90,,,,,
,,67,Dethar,1 026,8,210,46,92,,,56,64,,,,,,,150,100,410,,,
,,68,Brightfuture,1 005,10,260,125,130,,,210,160,,,,,,,10,,120,106,97,80
,,68,Tordread,1 005,6,260,230,240,,,,,,,135,,,,,100,40,,,
,#N/A,70,Budde,994,12,260,34,47,,,35,42,,,63,55,,,10,300,10,224,92,
,#N/A,71,drodriguez,983,9,260,85,105,,,185,210,,,105,70,,,,,,68,118,
,,72,tupper,975,11,260,165,150,,,102,210,,,60,80,,,,10,40,87,88,
,,73,jezza101,970,10,260,140,125,,,140,115,,,,,,,90,40,190,,59,90
,,73,maximpodg,970,2,470,,,,,,,,,,,,,,500,,,,
,,75,Lcfyx,965,4,,240,200,,,185,340,,,,,,,,,,,,
,,76,Angor,960,5,260,300,350,,,,,,,,,,,,10,40,,,
,#N/A,77,MrBiz,939,10,260,92,85,,,,,,,80,110,,,25,180,80,129,168,
,,78,Shagrat,925,11,260,95,85,,,64,55,,,110,90,,,,,120,123,217,95
,,79,ben0728,902,7,140,,,,,,,,,190,170,,,350,40,10,,12,
,,80,IdkIdcIdgaf,870,5,260,,,,,,,,,,,,,150,40,410,,,10
,#N/A,81,DarKStyle,866,8,260,,27,,,30,76,,,,100,,,,100,300,21,,
,,82,DrSniken,860,3,260,,,,,,,,,250,,,,350,,,,,
,,83,Hisbossness,857,8,260,92,85,,,140,90,,,150,125,,,,,,,83,
,,84,jingjing123,852,11,210,165,140,,,102,140,,,95,80,,,10,,80,57,31,
,,85,a440,840,3,470,,,,,,,,,,,,,,180,190,,,
,#N/A,86,WhateverParsley,836,7,260,85,165,,,76,55,,,170,,,,,,80,,,
,,87,Fourierrr,831,7,210,170,,,,115,,,,,,,,,40,,137,144,55
,,88,NFGM,813,12,210,52,92,,,102,185,,,105,110,,,25,40,80,101,50,
,,89,Kay,810,12,210,130,125,,,115,100,,,100,130,,,45,10,10,,33,50
,#N/A,90,daggsea,796,8,115,69,52,,,,,,,120,200,,,240,10,10,,,
,#N/A,91,Beebs,792,9,260,92,80,,,,,,,60,88,,,10,,80,164,108,
,#N/A,92,Zegs,782,9,95,165,140,,,,,,,110,70,,,90,10,40,182,,
,,93,Unterjochen,777,12,210,47,43,,,55,56,,,125,150,,,45,100,80,111,81,
,,94,MidnightFox,776,10,115,43,46,,,55,56,,,160,150,,,240,40,10,,,
,,95,Amorin,770,8,140,,,,,102,185,,,,,,,45,180,40,118,27,
,,96,eggmancs,762,7,170,,,,,,,,,150,115,,,150,100,40,,77,
,,97,KarlThomas,745,5,,,,,,140,185,,,,,,,240,100,80,,,
,,98,maunzzz,736,11,260,92,80,,,55,35,,,70,70,,,90,40,120,94,,
,,99,PlanarFreak,735,8,130,95,105,,,,,,,,,,,25,180,80,145,70,
,,100,PhiTrigger,730,9,115,130,95,,,64,55,,,,,,,90,180,120,,62,
,,101,funnytortoise,717,7,115,140,95,,,90,102,,,,,,,150,,,115,,
,,102,ed_vins,712,11,140,46,95,,,90,102,,,90,130,,,,100,40,145,51,
,,103,Aranwar,711,7,,59,47,,,76,76,,,,,,,,300,80,,120,
,#N/A,104,LeonidasI,705,12,170,69,59,,,35,56,,,45,32,,,240,100,10,29,67,
,,105,GerionLannister,701,9,130,92,,,,49,,,,70,,,,150,10,10,13,210,
,,106,Lambda,700,2,,440,260,,,,,,,,,,,,,,,,
,,107,Masox,698,12,260,69,52,,,42,56,,,63,70,,,25,180,10,12,48,
,,108,LittleBob,689,7,,80,52,,,42,42,,,260,210,,,45,,,,,
,#N/A,109,Arcee,684,7,,,,,,76,76,,,90,185,,,45,,190,67,,
,,110,Kimmo,681,10,210,85,85,,,100,55,,,110,70,,,45,,,13,91,
,,111,RudyRunner666,680,5,,105,105,,,185,210,,,,,,,,,,,,75
,,112,Phalanxx,677,9,140,105,85,,,115,,,,125,,,,45,100,80,92,,
,,113,HCsquared,674,5,260,,92,,,102,100,,,,,,,,,120,,,
,,114,WanderingWolf,673,8,130,69,92,,,90,102,,,,,,,45,10,190,,,
,,115,belowfox,666,11,210,59,69,,,102,90,,,115,80,,,25,40,10,,68,
,,116,Wawrzyniec,652,2,470,,,,,,,,,,,,,,,,,182,
,#N/A,117,ciufile,646,10,210,40,46,,,100,102,,,60,80,,,,40,80,,74,
,,118,maxolino,637,7,130,69,92,,,64,102,,,,,,,,180,40,,,
,,119,Flackk,624,10,260,80,59,,,100,49,,,75,50,,,,10,10,,8,
,,120,DrRerNate,622,4,260,,,,,,,,,,,,,,40,190,,132,
,,121,Rob_Stedman,618,8,170,85,75,,,42,56,,,,,,,25,10,190,,,
,#N/A,122,Dread_84,615,9,260,92,95,,,42,64,,,,62,,,25,10,40,,,
,#N/A,123,bryanckh,612,9,260,,15,,,30,30,,,32,60,,,,40,190,10,,
,#N/A,124,Kesterer,610,3,260,,,,,,,,,,230,,,,,120,,,
,,125,ChipsAhoya,609,10,115,69,40,,,55,42,,,110,100,,,150,,,65,7,
,,126,CrownKiller,608,10,140,,,,,56,102,,,95,90,,,10,10,120,61,25,
,,127,fathope,607,9,115,75,69,,,102,115,,,95,100,,,25,,80,,,
,,128,wittr,604,11,140,59,40,,,56,49,,,75,50,,,25,10,40,,224,
,,129,virvett,603,8,140,47,43,,,55,56,,,190,115,,,,,10,,,
,#N/A,130,HeirOfValyria,602,7,210,,,,,90,102,,,75,80,,,45,10,,,,
,,131,roverandom,601,12,140,47,59,,,76,76,,,105,95,,,25,10,80,105,63,
,,132,FenPlays,596,9,170,52,59,,,,,,,70,95,,,45,,10,98,104,
,,133,Jaracz,595,4,260,,,,,,,,,,,,,45,100,190,,,
,#N/A,134,brunoerwin,587,8,115,95,80,,,64,102,,,,,,,,40,80,,115,
,,135,ChampDeGlace,581,9,170,69,52,,,42,42,,,100,70,,,,40,120,,,
,,136,SpartacusImperator,580,3,,280,260,,,,,,,,,,,,40,,,,
,,136,lhrljr,580,7,260,,,,,56,76,,,48,60,,,,40,80,,,
,,138,speedstone,576,8,130,,,,,56,100,,,80,60,,,150,10,10,,,
,,139,ElChupacabra,574,10,130,69,75,,,90,,,,90,,,,25,40,80,24,109,
,,140,borz.zrob,573,5,130,125,140,,,76,102,,,,,,,,,,,,
,,141,MindKillazz,571,8,115,,,,,100,55,,,130,105,,,45,,,66,14,
,,142,Magnetiseur,560,3,140,260,,,,,,,,,,,,,,,,,160
,,143,DiddleySquat,559,5,140,47,92,,,180,100,,,,,,,,,,,,
,,144,Nightvayne,552,9,95,92,95,,,140,90,,,28,28,,,,40,40,,,
,,145,Vangelisb,551,10,140,43,46,,,115,100,,,80,70,,,,10,40,,30,
,,146,CouchKing,550,10,115,125,105,,,56,49,,,,,,,45,10,80,69,34,
,,147,Gyphon,548,12,170,52,59,,,49,56,,,80,70,,,10,100,40,12,69,
,,148,MurphyAKL,546,12,140,46,52,,,42,35,,,130,115,,,10,10,40,63,10,
,#N/A,149,Watlersen,545,9,115,80,43,,,100,,,,95,75,,,25,40,80,,,
,,150,Obinger_Alphons,543,11,115,69,92,,,102,90,,,75,60,,,10,40,40,,64,
,#N/A,150,Rajeev,543,6,170,,,,,,64,,,,200,,,25,,,28,56,
,#N/A,150,Dayvs,543,12,115,75,69,,,42,56,,,55,95,,,45,100,80,58,78,
,,153,Dvale112,542,7,130,80,47,,,115,90,,,,,,,,10,80,,,
,,154,Kor,540,10,115,69,47,,,56,,,,70,44,,,150,,80,2,1,
,,154,pigfans,540,2,,,,,,,,,,,,,,,500,40,,,
,#N/A,156,Barnes,539,10,170,46,69,,,20,56,,,,52,,,,100,80,59,61,
,#N/A,157,Fjantarik,537,5,260,80,69,,,64,64,,,,,,,,,,,,
,,158,jhutc,536,6,260,,,,,,,,,,,,,90,40,10,41,95,
,,159,maiquelPS,534,5,170,75,59,,,115,115,,,,,,,,,,,,
,,160,Gavatron,532,5,260,47,,,,49,56,,,,,,,,,120,,,
,#N/A,161,gregt,529,6,210,92,75,,,76,,,,,,,,,,,37,39,
,,162,Firedart,518,12,210,26,46,,,56,64,,,70,62,,,25,10,40,56,26,
,#N/A,163,Doughnut,517,3,,,165,,,102,250,,,,,,,,,,,,
,#N/A,163,Goldfinger_,517,8,,34,46,,,56,140,,,,,,,,10,40,60,175,
,,165,Boyo,514,6,75,310,,,,,,,,,,,,45,10,10,64,,
,,166,kyshantry,510,2,470,,,,,,,,,,,,,,40,,,,
,#N/A,166,Tim248,510,2,210,,,,,,,,,,,,,,,300,,,
,#N/A,168,Spence2102,507,11,115,34,52,,,64,76,,,50,39,,,150,40,40,,20,
,#N/A,168,tianren4561367,507,5,260,27,92,,,,,,,48,80,,,,,,,,
,,170,Sakic19,500,12,130,59,43,,,49,56,,,90,110,,,10,10,40,39,55,
,,171,Mike1313,499,11,115,52,52,,,56,140,,,32,32,,,25,10,10,84,,
,,172,St-Amadeus,498,10,115,95,75,,,64,49,,,44,44,,,,100,40,,18,
,,173,Sunmaster14_LV,497,12,95,43,46,,,30,56,,,100,75,,,90,40,10,81,33,
,,174,MartinW,495,10,130,52,92,,,30,30,,,,,,,10,10,10,65,126,
,#N/A,175,discodancer,490,2,260,230,,,,,,,,,,,,,,,,,
,,175,raist,490,12,95,75,59,,,27,20,,,105,88,,,10,10,10,62,65,
,,177,Dragonite,485,9,130,34,69,,,76,64,,,,,,,,40,10,102,44,
,,178,Wanderlust,480,1,,,,,,,,,,,,,,480,,,,,
,,178,Snucka,480,1,,,,,,,,,,,,,,480,,,,,
,,178,heisenberg_97,480,4,,130,95,,,140,115,,,,,,,,,,,,
,,178,Olesch,480,6,170,59,59,,,76,76,,,,,,,,40,,,,
,#N/A,182,WowaduHek,475,4,,,,,,,,,,115,110,,,240,,10,,,
,#N/A,183,TorbenOfHerpes,474,10,140,69,105,,,49,56,,,32,48,,,,,40,55,40,
,#N/A,184,arDKee,472,4,260,92,95,,,,,,,,,,,25,,,,,
,,185,Jonny125,471,10,75,80,59,,,56,76,,,80,80,,,25,,80,,58,
,#N/A,186,Reenter73,470,4,210,,,,,160,90,,,,,,,,10,,,,
,,186,Michiel,470,1,470,,,,,,,,,,,,,,,,,,
,,186,SandHippo,470,1,470,,,,,,,,,,,,,,,,,,
,,189,AndriiN,469,7,140,,,,,35,30,,,70,44,,,150,,,,9,
,,190,Dovi,468,7,115,69,59,,,56,49,,,,,,,,10,120,,,
,,191,ElKhan,467,12,115,59,69,,,56,64,,,75,75,,,25,40,10,33,69,
,,191,FreddyCrugerKiller,467,4,210,92,125,,,,,,,,,,,,,40,,,
,#N/A,193,Terence,462,10,130,52,43,,,,,,,60,50,,,90,10,80,38,48,
,,193,BitterBlossom,462,6,170,92,80,,,,,,,,,,,10,100,10,,,
,#N/A,193,phoang,462,7,260,,,,,,,,,45,39,,,25,10,40,,53,
,#N/A,196,syras,460,2,,,,,,,,,,200,260,,,,,,,,
,,197,Garri,459,4,210,47,52,,,,,,,,,,,150,,,,,
,,197,Adamez,459,7,95,,,,,,,,,70,100,,,90,10,40,,64,
,,199,Papaver,457,4,,165,150,,,,,,,,,,,,40,,,102,
,,200,DavidSegoviano,456,12,130,52,59,,,42,56,,,32,35,,,45,10,40,48,111,