Player,Country,Code,,Country,Code
321letsjam,Germany,DE,,Afghanistan,AF
5calpel,UK,GB,,Albania,AL
a440,Canada,CA,,Algeria,DZ
AaronGreen,USA,US,,Andorra,AD
abobey,Spain,ES,,Angola,AO
ABQ,Croatia,HR,,Argentina,AR
AbradolfLincler,USA,US,,Armenia,AM
ack,Spain,ES,,Australia,AU
Adamez,Poland,PL,,Austria,AT
Adrianobf,Brazil,BR,,Azerbaijan,AZ
Agathon,Turkey,TR,,Bahamas,BS
Agnsild,Norway,NO,,Bahrain,BH
aimo,China,CN,,Bangladesh,BD
Airren,USA,US,,Belarus,BY
Aivin,Poland,PL,,Belgium,BE
akira215,USA,US,,Belize,BZ
AkisProg,Greece,GR,,Benin,BJ
al_boev,Russia,RU,,Bhutan,BT
albinsix,France,FR,,Bolivia,BO
althaj,Slovakia,SK,,Bosnia and Herzegovina,BA
Amitke,Israel,IL,,Botswana,BW
Amorin,Spain,ES,,Brazil,BR
Amy,UK,GB,,Brunei,BN
Ananasantti,Finland,FI,,Bulgaria,BG
anbeli3v4ble,Greece,GR,,Burkina Faso,BF
Anderkent,Poland,PL,,Burundi,BI
AndriiN,Germany,DE,,Cambodia,KH
Angor,Russia,RU,,Cameroon,CM
Antigua,Hungary,HU,,Canada,CA
AntoineBx,France,FR,,Cape Verde,CV
Apofis,Bulgaria,BG,,Central African Republic,CF
Aranwar,Israel,IL,,Chad,TD
Arccos,Greece,GR,,Chile,CL
Archer1629,Taiwan,TW,,China,CN
Arinmir,Germany,DE,,Colombia,CO
Arkadiussus,Poland,PL,,Comoros,KM
Arnaud,Switzerland,CH,,Congo (Congo-Brazzaville),CG
Arne,Germany,DE,,Costa Rica,CR
Asaf,Israel,IL,,Croatia,HR
Asbestos,USA,US,,Cuba,CU
AsKier,Poland,PL,,Cyprus,CY
Asperins,Latvia,LV,,Czech Republic,CZ
Atomtomate,Germany,DE,,Denmark,DK
Attrill20,UK,GB,,Djibouti,DJ
AvPL,Poland,PL,,Dominica,DM
ayna,China,CN,,Dominican Republic,DO
Backburner,Lebanon,LB,,Ecuador,EC
baggioka,Hungary,HU,,Egypt,EG
Balan,China,CN,,El Salvador,SV
Balquaz,Norway,NO,,Equatorial Guinea,GQ
Bambi4,UK,GB,,Eritrea,ER
baodalanxin,China,CN,,Estonia,EE
barboucha,France,FR,,Eswatini,SZ
Barda,Portugal,PT,,Ethiopia,ET
Baso,Italy,IT,,Fiji,FJ
Bathman,Chile,CL,,Finland,FI
bcnoexceptions,USA,US,,France,FR
Beetlejuice,Czech Republic,CZ,,Gabon,GA
Beholder35,Russia,RU,,Gambia,GM
BemuthBambai,Germany,DE,,Georgia,GE
ben0728,Korea,KR,,Germany,DE
Berfner,Sweden,SE,,Ghana,GH
Bergen ,Norway,NO,,Greece,GR
betweenworlds,India,IN,,Grenada,GD
Biancus,Italy,IT,,Guatemala,GT
Bigwellow,Netherlands,NL,,Guinea,GN
Binki,Russia,RU,,Guinea-Bissau,GW
BirdOfPreyyy,Russia,RU,,Guyana,GY
BitterBlossom,China,CN,,Haiti,HT
BlixLT,Lithuania,LT,,Honduras,HN
Boardello,UK,GB,,Hong Kong,HK
Boatymcboatface,USA,US,,Hungary,HU
Bobisko,Czech Republic,CZ,,Iceland,IS
Bonobours,France,FR,,India,IN
Boogeli,Netherlands,NL,,Indonesia,ID
boogy5,Lithuania,LT,,Iran,IR
Bookhouseboy,Norway,NO,,Iraq,IQ
Borgmo,Ukraine,UA,,Ireland,IE
Boromir7,Poland,PL,,Israel,IL
borz.zrob,Hungary,HU,,Italy,IT
Bradswan,USA,US,,Jamaica,JM
Brandon12129,USA,US,,Japan,JP
Brightfuture,Russia,RU,,Jordan,JO
broskiumenyiora,USA,US,,Kazakhstan,KZ
Brumynut,Australia,AU,,Kenya,KE
Buiz,Denmark,DK,,Kiribati,KI
busti,Belgium,BE,,Korea,KR
Callumf,Australia,AU,,Kuwait,KW
captainparadise,France,FR,,Kyrgyzstan,KG
casual_umami,Austria,AT,,Laos,LA
Cat12,China,CN,,Latvia,LV
Cbend37,USA,US,,Lebanon,LB
ChampDeGlace,Germany,DE,,Lesotho,LS
chen.,China,CN,,Liberia,LR
ChipsAhoya,USA,US,,Libya,LY
ChipsChipsensen,Netherlands,NL,,Liechtenstein,LI
Chixx,Sweden,SE,,Lithuania,LT
Chriiiss,France,FR,,Luxembourg,LU
Chubecca,Italy,IT,,Macao,MO
ChunkySam,USA,US,,Macedonia,MK
Cippy,Romania,RO,,Madagascar,MG
Claridadnocturna,Spain,ES,,Malawi,MW
Claudius74,Canada,CA,,Malaysia,MY
Cleveman,Germany,DE,,Maldives,MV
CloneFish,Netherlands,NL,,Mali,ML
Cogito3,USA,US,,Malta,MT
Cokey,Australia,AU,,Marshall Islands,MH
comant,Russia,RU,,Mauritania,MR
ConorS,USA,US,,Mauritius,MU
Copesettic,USA,US,,Mexico,MX
CouchKing,Pakistan,PK,,Micronesia,FM
CoxCz,Czech Republic,CZ,,Moldova,MD
Cragheart,Denmark,DK,,Monaco,MC
Cresspahl,USA,US,,Mongolia,MN
Cristiancordeu,Argentina,AR,,Montenegro,ME
CrownKiller,Korea,KR,,Morocco,MA
Crs,UK,GB,,Mozambique,MZ
Csannerud,Norway,NO,,Myanmar (Burma),MM
DadboBaggins,USA,US,,Namibia,NA
Daemon3142,UK,GB,,Nauru,NR
DaemonCleaner ,Norway,NO,,Nepal,NP
Daices,USA,US,,Netherlands,NL
danebed,Italy,IT,,New Zealand,NZ
DANeo,Germany,DE,,Nicaragua,NI
danilius,Italy,IT,,Niger,NE
dannyboy14,USA,US,,Nigeria,NG
darkstar75,Italy,IT,,North Korea,KP
Davidmel,Israel,IL,,Norway,NO
DavidSegoviano,Spain,ES,,Oman,OM
Dazzy,China,CN,,Pakistan,PK
Ddafaith,Czech Republic,CZ,,Palau,PW
DecMoon,France,FR,,Palestine State,PS
Decolonization,Japan,JP,,Panama,PA
Deepthought,Portugal,PT,,Papua New Guinea,PG
delonecarter,UK,GB,,Paraguay,PY
Demetrius,Ukraine,UA,,Peru,PE
desgenais,Czech Republic ,CZ,,Philippines,PH
Devran,Turkey,TR,,Poland,PL
DiddleySquat,Belgium,BE,,Portugal,PT
Die12,Italy,IT,,Qatar,QA
Diegaccio,Italy,IT,,Romania,RO
Dimitris,Greece,GR,,Russia,RU
Diogenes,Australia,AU,,Rwanda,RW
DireNTropy,USA,US,,Saint Kitts and Nevis,KN
DJLAODIE,China,CN,,Saint Lucia,LC
DJParson,Germany,DE,,Saint Vincent and the Grenadines,VC
Dmhalford,Italy,IT,,Samoa,WS
Donni,Germany,DE,,San Marino,SM
DonStino,Belgium,BE,,Sao Tome and Principe,ST
Doobie,China,CN,,Saudi Arabia,SA
dougthonus,USA,US,,Senegal,SN
Dovi,Poland,PL,,Serbia,RS
Dragonite,USA,US,,Seychelles,SC
Drk,Italy,IT,,Sierra Leone,SL
DrRerNate,Germany,DE,,Singapore,SG
DrTim84,UK,GB,,Slovakia,SK
drzewko,Poland,PL,,Slovenia,SI
Dumnac,France,FR,,Solomon Islands,SB
Dunedain,USA,US,,Somalia,SO
Durin_NL,Netherlands,NL,,South Africa,ZA
Dvale112,USA,US,,South Sudan,SS
Dvd75,Italy,IT,,Spain,ES
e5582768,China,CN,,Sri Lanka,LK
ed_vins,Latvia,LV,,Sudan,SD
Eepogi,Finland,FI,,Suriname,SR
Eggmancs,UK,GB,,Sweden,SE
ElChupacabra,Macedonia ,MK,,Switzerland,CH
ElDiabloAzul,USA,US,,Syria,SY
elin,USA,US,,Taiwan,TW
ElKhan,Chile,CL,,Tajikistan,TJ
Elracha,Portugal,PT,,Tanzania,TZ
ElTanque35,Italy,IT,,Thailand,TH
Emiliano,Italy,IT,,Timor-Leste,TL
EnozamaIV,Germany ,DE,,Togo,TG
eNroamer,Latvia,LV,,Tonga,TO
ernestoaguirre,Spain,ES,,Trinidad and Tobago,TT
Eske,Denmark,DK,,Tunisia,TN
Essence ,Israel,IL,,Turkey,TR
Etherealz,Canada,CA,,Turkmenistan,TM
etJake,USA,US,,Tuvalu,TV
Everex,Czech Republic,CZ,,Uganda,UG
EvilBen,UK,GB,,UK,GB
Eyswein,USA,US,,Ukraine,UA
Fane,Belgium,BE,,United Arab Emirates,AE
Fathope,Slovakia,SK,,Uruguay,UY
FenPlays,Russia,RU,,USA,US
FFAZ,Hong Kong,HK,,Uzbekistan,UZ
fielmann,Estonia,EE,,Vanuatu,VU
filgonfin,Spain,ES,,Vatican City,VA
Firedart,UK,GB,,Venezuela,VE
Firstfloorfinest,Belgium,BE,,Vietnam,VN
FirstOfDao,China,CN,,Yemen,YE
Flackk,Bulgaria,BG,,Zambia,ZM
Fleepa0,Spain,ES,,Zimbabwe,ZW
flutter,USA,US,,,
flutter ,USA,US,,,
follik,Latvia,LV,,,
Fourierrr,Brazil,BR,,,
Francesco1812,Italy,IT,,,
FreddyCrugerKiller,Ukraine,UA,,,
Froggy42,Germany,DE,,,
fugg,USA,US,,,
funestus,Norway,NO,,,
funnytortoise,Indonesia,ID,,,
Gabriele,Italy,IT,,,
Gagic,Czech Republic,CZ,,,
GAM3NURD,USA,US,,,
gamblerch,Chinа,CL,,,
Garghi,Italy,IT,,,
Garghiii,Italy,IT,,,
Garri,Spain,ES,,,
Gavatron,Canada,CA,,,
Gelato,Germany,DE,,,
Genghisip,Ukraine,UA,,,
GerisNezus,Lithuania,LT,,,
Gervais,Italy,IT,,,
giannisoad,Italy,IT,,,
Giga,Italy,IT,,,
Gobos,EU,ET,,,
GokuBC,Poland,PL,,,
goldeneyeonline,Germany,DE,,,
gomensky,Czech Republic,CZ,,,
GomJabbar,Canada,CA,,,
Gorozei-12ans,Switzerland,CH,,,
GrafZahl,Germany,DE,,,
GrandHedgehog,Russia,RU,,,
GregoryD,Poland,PL,,,
GregP,USA,US,,,
Grobyl,France,FR,,,
Grozz,Russia,RU,,,
guppyfry,USA,US,,,
GWI,Canada,CA,,,
GWItheUltimate,Canada,CA,,,
Gyphon,Germany,DE,,,
GZ95,China,CN,,,
Hamtes ,Czech Republic,CZ,,,
HansBugge,Norway,NO,,,
Hanthelmor,Brazil,BR,,,
happyboykt,Korea,KR,,,
hardco,Canada,CA,,,
Haxxorn,Sweden,SE,,,
HCsquared,Canada,CA,,,
HeartBreakKid,Taiwan,TW,,,
HeartBreakKid,USA,US,,,
helix37,UK,GB,,,
Henader,Poland,PL,,,
henrymerrivale ,Italy,IT,,,
HentaiLover69,USA,US,,,
Herdeksunek,Czech Republic,CZ,,,
Himmelstosh,Russia,RU,,,
hippie,Korea,KR,,,
Hokingfai,Hong Kong,HK,,,
Holtykins,UK,GB,,,
holy834,China,CN,,,
HolyOutlaw,USA,US,,,
HomerJr ,USA,US,,,
Honigbaer,Germany,DE,,,
Huettengaudi,Germany,DE,,,
Hunty93,USA,US,,,
hypodg,Italy,IT,,,
I-Y-T,Turkey,TR,,,
Icarium ,USA,US,,,
icecreamsushi,USA,US,,,
Imiter,Poland,PL,,,
IngussTT,Latvia,LV,,,
InquisitorEisenhorn,USA,US,,,
intelligentskeleton,Vietnam,VN,,,
Ioannis3,Greece,GR,,,
IpaStian,Norway,NO,,,
Isaia,Korea,KR,,,
isman,Spain,ES,,,
Ivanvanya,Russia,RU,,,
iyakhoop,Thailand,TH,,,
Izio,Italy,IT,,,
J-Dog,UK,GB,,,
J0hnny_Utah7,Canada,CA,,,
jabroney,Australia,AU,,,
Jaja,Czech Republic,CZ,,,
JakubUhlir,Czech Republic,CZ,,,
JamesH,Greece,GR,,,
jandaron,Turkey,TR,,,
Jans,Poland,PL,,,
Jappa,Netherlands,NL,,,
Jaracz,Poland,PL,,,
javimb89,Spain,ES,,,
JDN115,Canada,CA,,,
JeJenan,South Korea,ZA,,,
JensIV,Germany,DE,,,
JeroenSchreurs ,Belgium,BE,,,
JFK2016,USA,US,,,
jhamra,Germany,DE,,,
jhutc,UK,GB,,,
Jiffy,Hong Kong,HK,,,
JimmyLin,Taiwan,TW,,,
jingjing123,China,CN,,,
joehammerman,USA,US,,,
JohnFreshKennedy,Germany,DE,,,
Jonny125,Russia,RU,,,
jonswar,USA,US,,,
jonzewiespike ,Germany,DE,,,
Joppur,Sweden,SE,,,
Jordanian,Netherlands,NL,,,
Jorrig,Switzerland,CH,,,
JoshyWiggins,UK,GB,,,
JoyBoy,Thailand,TH,,,
JS619,USA,US,,,
jsjsj,Australia,AU,,,
Jume,Spain,ES,,,
justnomame,Vietnam,VN,,,
jzebra,USA,US,,,
kabel2,Germany,DE,,,
Kaczas,Poland,PL,,,
kaeptnblaubaer,Germany,DE,,,
kaiwanxiaola,Taiwan,TW,,,
KapitanTom,Czech Republic,CZ,,,
KarlThomas,Norway,NO,,,
Karpik,Poland,PL,,,
Kay,Hong Kong,HK,,,
Keil,Poland,PL,,,
Kejml,Czech Republic ,CZ,,,
Kelvinator,Canada,CA,,,
kenchan,Hong Kong,HK,,,
Kenvi,Poland,PL,,,
kev5047,UK,GB,,,
Khar,Czech Republic,CZ,,,
khyung,USA,US,,,
Kimmo,Finland,FI,,,
KorE,USA,US,,,
Korsus,Italy,IT,,,
KorXo,Spain,ES,,,
Krayze,UK,GB,,,
Kripa,Finland,FI,,,
Kruch,Germany,DE,,,
KTMatthews,Canada,CA,,,
Kuter,Poland,PL,,,
kuzmich,USA,US,,,
Kvist,Denmark,DK,,,
kwarrend,USA,US,,,
kwojtasz,USA,US,,,
LadyValaria,USA,US,,,
Lambda,Spain,ES,,,
Lammoth,Germany,DE,,,
LaoHuang,China,CN,,,
larshb,Denmark,DK,,,
Lauch,Germany,DE,,,
Layze23,USA,US,,,
Lcfyx,France,FR,,,
LeBonus,Canada,CA,,,
Lech,Poland,PL,,,
LeChuckichu,Denmark,DK,,,
LeoM,Italy,IT,,,
Lesauvage,Belgium,BE,,,
lfrantisek,Finland,FI,,,
Lhucas,Spain,ES,,,
Likkle1,UK,GB,,,
Limdul1988,Czech Republic,CZ,,,
little_hat,China,CN,,,
LittleBob,Taiwan,TW,,,
Lodon,Netherlands,NL,,,
Lonzo,Germany,DE,,,
LordMichael,Germany,DE,,,
LordofWales,Germany,DE,,,
Lothar,USA,US,,,
Loveschack,Denmark,DK,,,
lpoulter,UK,GB,,,
Luckcats,France,FR,,,
luckrider,Germany,DE,,,
luigino71,Italy,IT,,,
LukeSpraywalker,India,IN,,,
M-L-E,Greece,GR,,,
maciek,Poland,PL,,,
Mad_Tyrion ,Italy,IT,,,
magesolo,Germany,DE,,,
Magnetiseur,Germany,DE,,,
mahawirasd,Indonesia,ID,,,
Mahlerian_shadow,USA,US,,,
maiquelPS,Spain,ES,,,
Majondor,Australia,AU,,,
Major.Tom,Sweden,SE,,,
Malakesh,Germany,DE,,,
Mamelonius,Germany,DE,,,
Marassi,Brazil,BR,,,
Marcusesses1,Canada,CA,,,
MarekP,Czech Republic,CZ,,,
mariyka,Russia,RU,,,
marizee412,Philippines,PH,,,
Mark0n,Croatia,HR,,,
Martin_Pecheur,France,FR,,,
MartinCZE,Czech Republic,CZ,,,
Masox,Germany,DE,,,
master176281,Germany,DE,,,
Matst379,Sweden,SE,,,
Mattian12000,Italy,IT,,,
maumastoks,Lithuania,LT,,,
MaxBoomer,Denmark,DK,,,
Maxolino,Italy,IT,,,
mbbchess,USA,US,,,
MBlueMan,Canada,CA,,,
McNeil,Denmark,DK,,,
McNulty,USA,US,,,
Megatron,UK,GB,,,
Mejdzr,Czech Republic,CZ,,,
Melon6688,Canada,CA,,,
Meowthfish,Taiwan,TW,,,
Mephist,Lithuania ,LT,,,
MeteorisVulcanus,Netherlands,NL,,,
methak,France,FR,,,
metternich ,Italy,IT,,,
Michael1101,Germany,DE,,,
migoet,Belgium,BE,,,
Mike1313,Russia,RU,,,
Miklos,Hungary,HU,,,
Minde,Norway,NO,,,
MindKillazz,Canada,CA,,,
mindphaser,Canada,CA,,,
Mitchum,Italy,IT,,,
Mockingbird5,UK,GB,,,
Monik,Lithuania,LT,,,
Mooscolly,Australia,AU,,,
MrGekz,Poland,PL,,,
MruczekW,Poland,PL,,,
Mul,Canada,CA,,,
MurphyAKL,USA,US,,,
Musan,USA,US,,,
mushan,China,CN,,,
Mustarda,Portugal,PT,,,
mwi,Poland,PL,,,
nahsum,USA,US,,,
nattee,Thailand,TH,,,
nchoong,Malaysia,MY,,,
Nealio,Netherlands,NL,,,
Netopier,Slovakia,SK,,,
nicG,USA,US,,,
Nicks,Canada,CA,,,
Nightvayne,Switzerland,CH,,,
Nigma,Russia,RU,,,
NikeBarbachiara,Italy,IT,,,
nimoac,China,CN,,,
Nitrosaurus24,USA,US,,,
nkbobo,Italy,IT,,,
Noash,USA,US,,,
norbetk,Poland,PL,,,
northlynx,Germany,DE,,,
nosnah,Poland,PL,,,
NovusIgnis,USA,US,,,
NRoy,USA,US,,,
Nymphaea,Germany,DE,,,
oleKanin,Norway,NO,,,
Olesch,Germany,DE,,,
Olivier000,France,FR,,,
Oprah,Denmark,DK,,,
Orion0212,USA,US,,,
P373R,UK,GB,,,
paakit,Argentina,AR,,,
pabula,Poland,PL,,,
Paeoc,Brazil,BR,,,
pajada,Czech Republic,CZ,,,
Panthera,Poland,PL,,,
Panxo,Chile,CL,,,
Papaver,Croatia,HR,,,
Pascalculate,Vietnam,VN,,,
Pascalotopia,Canada,CA,,,
Pelej,Poland,PL,,,
Pepikos,Netherlands,NL,,,
petrau77,Finland,FI,,,
pgierasi,Poland,PL,,,
PhiTrigger,USA,US,,,
pigfans,China,CN,,,
Piotr33,Poland,PL,,,
Piter3000,Poland,PL,,,
Pixil,USA,US,,,
PlanarFreak,USA,US,,,
PontiusPilatus,Denmark,DK,,,
pote,Tunisia,TN,,,
potpath,Thailand,TH,,,
Praetorianer,Germany,DE,,,
Pripek,France,FR,,,
Pulpecja,Poland,PL,,,
pv4,Belgium,BE,,,
PyBel,Spain,ES,,,
Qiubag,Poland,PL,,,
Quokka,France,FR,,,
Rabalder,Norway,NO,,,
RabidRabbit,USA,US,,,
Rabus,Germany,DE,,,
radvan,Slovakia,SK,,,
raist,Singapore,SG,,,
Raistlin3m,Italy,IT,,,
Ralf-TtA,Germany,DE,,,
Ramonster,Netherlands,NL,,,
Rap2,Hong Kong,HK,,,
Raulone,Spain,ES,,,
rcia,Spain ,ES,,,
rcia,Spain,ES,,,
Reinuvader,Hungary,HU,,,
Revan,Germany,DE,,,
richardhell,Ukraine,UA,,,
RickLoftson,Canada,CA,,,
Ringbearer,Netherlands,NL,,,
RiRu,Latvia,LV,,,
RiRu,Latvija,LV,,,
Ristey,UK,GB,,,
RiteInUrEye,Canada,CA,,,
Rjonkers,Netherlands,NL,,,
Rob_Stedman,Australia,AU,,,
ROB51,Netherlands,NL,,,
RoboKay314,USA,US,,,
Robster ,Netherlands,NL,,,
Romendil,Italy,IT,,,
Roronoa,Czech Republic,CZ,,,
Rouming,Russia,RU,,,
roverandom,Croatia,HR,,,
ruby_buby,USA,US,,,
RudyRunner666,Italy,IT,,,
Runawaaayyy,Switzerland ,CH,,,
RutgerHauer,Sweden,SE,,,
RutgerHauer ,Sweden,SE,,,
Rychlik,Czech Republic,CZ,,,
Saish,Spain,ES,,,
salvor7,Canada,CA,,,
samgreco,Japan,JP,,,
SandHippo,China,CN,,,
saru,China,CN,,,
Schallers3000,Germany ,DE,,,
Schwam,USA,US,,,
Scipio238,UK,GB,,,
Sektat,Switzerland,CH,,,
shadowiscool500,USA,US,,,
Shalif,France,FR,,,
Shincham,Brazil,BR,,,
ShinyAnya,USA,US,,,
shiro0405,Japan,JP,,,
Shivian,Netherlands,NL,,,
Shobalk,USA,US,,,
Siccarius,USA,US,,,
sillysheep,Hong kong,HK,,,
SimTubez,Australia,AU,,,
Sinkadus,Sweden,SE,,,
Sirovec,Croatia,HR,,,
Sjir,Netherlands,NL,,,
Skaiwalker,Czech Republic,CZ,,,
Slavica,Croatia,HR,,,
sleepytown,USA,US,,,
Smollov,Netherlands,NL,,,
SnailZane,China,CN,,,
snowcrush,Singapore,SG,,,
Snuske,Denmark,DK,,,
Sohoof,Netherlands,NL,,,
Sohoof ,Netherlands ,NL,,,
sorecats,Indonesia,ID,,,
sorpy,Korea,KR,,,
SpartacusImperator,Denmark,DK,,,
Spriteule,Germany,DE,,,
sqwndw,China,CN,,,
ssacz,Poland,PL,,,
St-Amadeus,Canada,CA,,,
St4nkk,Poland,PL,,,
stanel,Romania,RO,,,
StefanGreatFirst,Poland,PL,,,
StonedHenge420,USA,US,,,
Straalberg,Norway,NO,,,
Strasyk,Poland,PL,,,
Strawer_1982,Italy,IT,,,
stripe999,UK,GB,,,
Sugoi,Canada,CA,,,
Sunmaster14_LV,Latvia,LV,,,
Svaldini,Canada,CA,,,
Sylvain,France,FR,,,
T-dawg,USA,US,,,
t-k-421,USA,US,,,
takusto_II,Japan,JP,,,
Tamirys,USA,US,,,
Tanario,Denmark,DK,,,
TaoTeo,Italy,IT,,,
TAOxEagle,USA,US,,,
Teraspena,Finland,FI,,,
teriyakijaccuzi,USA,US,,,
The_Law,South Africa,ZA,,,
The_strategiser,France,FR,,,
theChony,Mexico,MX,,,
TheElk,USA,US,,,
Theussner79,Germany ,DE,,,
TheYoungDutch ,USA,US,,,
Thisisnotasmile,UK,GB,,,
Thomas.h.hoff,Norway,NO,,,
ThomRun974,France,FR,,,
ThonosP,Belgium,BE,,,
Thonosp ,Belgium,BE,,,
Thronx,Germany,DE,,,
Tikki,USA,US,,,
Tirannia,Italy,IT,,,
tkornai,Hungary,HU,,,
Tomtomparking,France,FR,,,
Tony117,Italy,IT,,,
Tordread,USA,US,,,
ToSt,Poland,PL,,,
totsilence,Germany,DE,,,
Traumatan,Germany,DE,,,
treitze,Germany,DE,,,
TribunX,Germany,DE,,,
TrilceAC,Spain,ES,,,
Tronnemann,Norway,NO,,,
trzeciakson,Poland,PL,,,
Tshemmp,Germany,DE,,,
Tupper,Canada,CA,,,
Turdle,Austria,AT,,,
Tutux,France,FR,,,
Tuty,Slovakia,SK,,,
uday,Poland,PL,,,
Ulyssess,Italy,IT,,,
Unterjochen,Germany,DE,,,
Uslo,Ukraine,UA,,,
V0jta,Czech Republic,CZ,,,
vaLfizzL,Germany,DE,,,
Valvonauta,Italy,IT,,,
Vangelisb,Greece,GR,,,
vanishadow,China,CN,,,
Vantablack,Macao,MO,,,
vbogoev,Bulgaria,BG,,,
Vee,India,IN,,,
Veikka,Finland,FI,,,
vendogs,Russia,RU,,,
Vi15So17,Germany,DE,,,
virvett,Brazil,BR,,,
Vivimaster,Italy,IT,,,
Vmcrocha,Brazil,BR,,,
vodka ,Czech Republic,CZ,,,
WanderingWolf,Australia,AU,,,
wartin,Slovakia,SK,,,
Wawrzyniec,Poland,PL,,,
Weed14,Singapore,SG,,,
Weidenbaum,Germany,DE,,,
WenneJoekel,Netherlands ,NL,,,
wheelerruss,UK,GB,,,
whsvin,Hong Kong,HK,,,
wirymen,Poland,PL,,,
wisteria,Macao,MO,,,
Wittr,Greece,GR,,,
Wolar,Czech Republic,CZ,,,
wolvs,Ukraine,UA,,,
Woodmouth,Norway,NO,,,
WraightCZ,Czech Republic,CZ,,,
Wylaryzel,Austria,AT,,,
xeveli,Czech Republic,CZ,,,
xRen1101,Lithuania,LT,,,
Xxyu,China,CN,,,
yaba,Poland,PL,,,
yay,China,CN,,,
yojimbo79,Poland,PL,,,
ZacDemundo,Canada,CA,,,
zackg,USA,US,,,
zadokk,Belgium,BE,,,
Zathio ,USA,US,,,
Zbert,Germany,DE,,,
Ziokhan,Italy,IT,,,
ZRoronoaZ,Czech Republic,CZ,,,
Raffaello,Germany,DE,,,
DrSniken,Norway,NO,,,
Gavatron,Canada,CA,,,
darwinian,UK,GB,,,
Gilgamesh2,Netherlands ,NL,,,
Dantes,USA,US,,,
Fortress,Russia,RU,,,
ERock37,Canada,CA,,,
Palino,Slovakia,SK,,,
CaesarSalah,USA,US,,,
LeonC,Taiwan,TW,,,
frotes,USA,US,,,
silent_x111,USA,US,,,
Toper,USA,US,,,
invalidName,Norway,NO,,,
TryAndStopUs,USA,US,,,
Dirkules,Germany,DE,,,
Fizi,UK,GB,,,
Footloop,Canada,CA,,,
Sandwhale,USA,US,,,
hihihiji,Hong Kong,HK,,,
qhung49,Vietnam,VN,,,
Cyphen,USA,US,,,
Covfefe,USA,US,,,
slig123,USA,US,,,
JCleek,USA,US,,,
Octavian,USA,US,,,
JeremyBrokaw,USA,US,,,
Hierostrafio,Sweden,SE,,,
Lemmingsplayer,Hong Kong,HK,,,
Grogmir,Poland,PL,,,
Veivi,Finland,FI,,,
FlyingDutchman,Netherlands,NL,,,
kuchjir,Czech Republic,CZ,,,
Dots,Germany,DE,,,
mlhibou,USA,US,,,
ranch99,USA,US,,,
deluks917,USA,US,,,
Andrethegiant,Norway,NO,,,
megumi,China,CN,,,
gothark,Poland,PL,,,
jezza101,Australia,AU,,,
moemoe,Germany,DE,,,
Allfather,USA,US,,,
Nopeasuoli,Finland,FI,,,
Gandin,Switzerland,CH,,,
RestlessMe,USA,US,,,
Boristina,USA,US,,,
Dzsabo,Hungary,HU,,,
Technicolourism,Canada,CA,,,
Ranior,USA,US,,,
mikechike,USA,US,,,
cs2376jr,USA,US,,,
banana,Canada,CA,,,
Ahuramazda,Canada,CA,,,
jasondh10,Australia,AU,,,
Phalanxx,USA,US,,,
Captn4wesome,Germany,DE,,,
Vagrantil,Australia,AU,,,
Momomillion,Germany,DE,,,
Vovka,Ukraine,UA,,,
Obinger_Alphons,Austria,AT,,,
MartinW,Germany,DE,,,
Gudimundi,Iceland,IS,,,
Serena,Austria,AT,,,
Snucka,USA,US,,,
Boyo,Taiwan,TW,,,
FCKAFD,Germany,DE,,,
rrobby,Italy,IT,,,
mrcy,Hungary,HU,,,
Sakic19,Hungary,HU,,,
MidnightFox,Sweden,SE,,,
maunzzz,Sweden,SE,,,
JohnyT,Slovakia,SK,,,
Kor,Belgium,BE,,,
NFGM,Germany,DE,,,
speedstone,Poland,PL,,,
Sellux,Italy,IT,,,
Rackare,Sweden,SE,,,
malanmar,Czech Republic,CZ,,,
nerficya,USA,US,,,
Hysen,UK,GB,,,
buttoxide,Singapore,SG,,,
MoreHat,USA,US,,,
Wanderlust,China,CN,,,
Dethar,Poland,PL,,,
AdumbusPrime,Canada,CA,,,
Mkucharz,Canada,CA,,,
Ruudi,Finland,FI,,,
NapoleonB,Poland,PL,,,
boonio88,Poland,PL,,,
idkidcidgaf,Ukraine,UA,,,
Jived,Italy,IT,,,
Kharny,UK,GB,,,
AdiQue,Poland,PL,,,
opatulony,Poland,PL,,,
Klapaucjusz,Poland,PL,,,
refs,Norway,NO,,,
Likas11,Czech Republic,CZ,,,
yaop,China,CN,,,
Gutemetralla,France,FR,,,
Spartan1337,Netherlands,NL,,,
littlesquirrel,China,CN,,,
Lander90,Belgium,BE,,,
Shagrat,Czech Republic,CZ,,,
WDD,China,CN,,,
Hisbossness,USA,US,,,
Straszyk,Poland,PL,,,
Xterm,Norway,NO,,,
vodka,Czech Republic,CZ,,,
kyshantry,USA,US,,,
Plunderteig,China,CN,,,
Michiel,Belgium,BE,,,
belowfox,China,CN,,,
Notbot66,Finland,FI,,,
zoldaria,USA,US,,,
heisenberg_97,Italy,IT,,,
Drikhen,Estonia,EE,,,
GerionLannister,Czech Republic,CZ,,,
Kolo,Italy,IT,,,
Pitor,Netherlands,NL,,,
maximpodg,Russia,RU,,,
lhrljr,Singapore,SG,,,