,,place,player,points,#,wrld,ic_30,ic_31,ic_32,ic_33,im_27,im_28,im_29,im_30,rl_05,rl_06,rl_07,rl_08,wmbl,aus,sl,ml,eif,qd
,,1,wolvs,6 320,16,1100,550,470,310,310,540,580,1000,1000,440,,,550,240,500,300,1000,,525
,,2,Grozz,5 960,18,320,350,550,1000,750,580,630,630,750,750,650,510,510,650,660,520,750,,600
,,3,Martin_Pecheur,5 690,18,1250,280,350,280,550,310,250,340,580,650,1000,570,650,240,300,440,168,,85
,,4,Eepogi,5 640,16,1600,470,410,550,570,750,750,540,370,360,300,,,150,180,260,76,,40
,,5,saru,5 390,17,1100,440,240,200,200,250,,210,250,510,750,1000,1000,10,180,210,340,150,
,,6,pv4,5 360,13,1250,510,440,,,310,340,580,480,550,570,650,420,770,100,,,,
,,7,DANeo,5 060,15,700,550,1000,470,,370,280,,,470,550,750,570,150,100,29,164,,55
,,8,Weidenbaum,4 470,16,320,230,280,550,650,480,440,440,440,410,470,440,360,1000,10,136,,,
,,9,totsilence,4 250,11,320,170,130,165,200,1000,1000,750,630,,,,,150,180,,,,
,,10,Arne,4 100,17,390,350,550,570,470,440,310,340,370,310,410,470,440,45,100,750,,,25
,,11,mwi,4 040,15,700,750,570,650,440,180,185,250,,200,190,230,310,,40,225,370,,
,,12,Majondor,3 650,15,390,410,310,350,410,140,140,185,310,1000,470,270,230,,,60,,,15
,,13,yaop,3 615,17,570,95,125,125,300,180,90,76,76,285,360,550,750,25,40,570,230,,
,,14,Genghisip,3 585,5,,1000,650,750,1000,185,,,,,,,,,,,,,
,,15,funestus,3 460,9,,570,750,510,510,280,250,250,340,,,,,,180,,,,
,,16,Vovka,3 190,13,570,165,300,350,550,250,180,185,340,185,310,360,410,,,,,,
,,17,Dazzy,3 180,15,260,,,,,140,115,90,76,320,320,310,320,480,300,370,570,490,35
,,18,scipio238,3 150,13,260,300,350,410,350,185,340,580,540,190,200,180,,,,,,,280
,,19,ERock37,3 110,16,170,92,125,105,,210,340,370,580,150,150,160,90,10,40,640,640,,
,,20,Gandin,3 080,15,470,200,140,125,,630,480,440,,150,230,360,270,45,,164,47,,65
,,20,pajada,3 080,16,700,260,230,140,165,370,370,280,160,150,200,210,,350,100,270,480,,
,,20,Raffaello,3 080,18,170,125,165,150,230,76,185,250,340,200,440,470,470,90,500,114,200,,380
,,23,Lech,2 970,13,320,300,280,260,300,580,540,370,280,115,130,,,150,,215,,,
,,24,Gilgamesh2,2 825,9,570,165,140,,,140,100,,,440,510,420,440,,,,,,
,,25,dannyboy14,2 820,9,260,280,240,200,170,340,580,480,440,,,,,,,,,,
,,26,Dantes,2 765,18,700,165,230,300,410,160,140,185,180,130,285,300,245,240,180,245,280,,230
,,27,Lcfyx,2 720,11,950,230,300,240,200,180,140,185,340,230,230,,,,,,,,
,,28,CaesarSalah,2 710,18,470,85,85,125,170,115,100,76,55,210,210,230,210,25,10,87,210,1000,
,,29,Sektat,2 640,17,320,240,200,200,230,340,440,310,180,210,360,320,180,90,100,144,310,,
,,29,Allfather,2 640,17,700,300,310,240,150,250,210,160,100,230,230,310,300,25,40,9,84,,
,,31,Gutemetralla,2 620,11,130,,,,,56,102,140,140,570,440,410,250,150,,,520,,
,,32,Wanderlust,2 580,8,1400,,,,,76,,,,230,190,,,480,10,146,48,,
,,33,Lambda,2 520,5,,650,510,440,260,,,,,,,,,,660,,,,
,,34,Sylvain,2 505,8,570,,165,230,,,250,250,,,,,,240,,480,320,,
,,35,a440,2 500,1,2500,,,,,,,,,,,,,,,,,,
,,36,FirstOfDao,2 405,18,210,170,130,105,105,185,180,140,115,150,230,210,360,240,180,156,440,530,
,,37,Cogito3,2 390,19,320,85,125,125,170,180,140,90,76,230,260,260,190,90,300,220,350,450,110
,,38,Spartan1337,2 375,17,700,165,170,140,165,185,210,210,250,70,80,130,105,45,300,,,270,250
,,39,Boromir7,2 360,13,260,240,170,150,170,280,340,310,180,,,,,,180,400,,350,120
,,40,RestlessMe,2 330,19,390,140,95,125,200,185,210,160,185,310,250,170,310,25,10,340,138,320,10
,,41,barboucha,2 285,10,,,,,230,440,310,340,310,,260,,,150,,126,245,,100
,,42,GerisNezus,2 196,16,390,,165,230,130,115,115,185,250,,135,150,150,90,500,196,235,210,
,#N/A,43,jantteri,2 140,18,170,95,80,92,165,100,102,140,185,150,105,95,90,90,10,310,220,800,
,,44,Lander90,2 093,19,570,46,69,165,280,56,64,102,210,130,150,125,130,240,40,290,188,63,45
,,45,moemoe,2 050,19,260,59,69,69,125,210,210,340,280,52,80,185,190,45,40,250,93,126,310
,,46,ElChupacabra,2 045,17,390,80,52,69,75,210,160,90,,180,125,90,,25,10,160,96,680,140
,,47,321letsjam,2 005,10,,125,165,300,240,340,370,280,160,,,,150,,,,110,,
,,48,Ristey,1 995,18,570,75,69,92,85,49,56,76,,125,110,200,160,350,10,280,106,200,5
,,48,yaba,1 995,10,470,,150,170,300,,185,210,160,,,,,,,350,142,,80
,,50,Brightfuture,1 974,15,390,140,105,125,130,340,280,210,160,,,,,10,100,122,154,300,95
,,51,jezza101,1 970,14,170,200,170,140,125,76,102,140,115,270,,,,90,300,84,,580,
,,52,Tamirys,1 960,10,390,230,200,300,310,115,185,160,185,,,,,,100,,,,
,#N/A,53,daimx,1 911,18,140,92,165,150,150,115,100,64,102,125,110,135,150,350,500,176,270,140,
,,54,kyshantry,1 900,1,1900,,,,,,,,,,,,,,,,,,
,,55,ben0728,1 871,9,210,,,,,,,,,420,210,190,170,350,10,91,,230,
,,56,Praetorianer,1 815,18,390,165,150,130,85,210,160,185,180,260,180,230,180,90,180,93,124,120,
,,57,BlixLT,1 810,19,140,85,95,85,125,56,64,76,64,190,170,180,135,25,40,330,250,350,200
,,58,HCsquared,1 784,6,1250,,,,92,140,100,102,100,,,,,,,,,,
,,59,Boyo,1 753,11,170,165,230,310,,,,,,125,,,,45,180,128,126,410,160
,,60,Angor,1 742,4,,,92,300,350,,,,,,,,,,1000,,,,
,,61,MidnightFox,1 735,15,115,80,47,43,46,76,76,55,56,470,420,160,150,240,100,,,,
,,62,Momomillion,1 724,18,390,125,165,170,230,42,102,115,115,39,60,80,130,45,40,184,330,,75
,,63,Flackk,1 720,16,570,125,105,80,59,250,160,100,49,170,160,75,50,,40,63,,180,
,,64,Magnetiseur,1 717,9,260,300,410,260,,102,115,,,,,,,,10,140,,,130
,,65,Tordread,1 690,12,130,310,260,230,240,100,,,,250,135,135,,,10,,38,100,
,,66,Huettengaudi,1 685,14,320,59,69,92,165,102,90,102,140,,,,,240,100,142,196,380,
,,67,takusto_II,1 680,11,130,310,260,200,300,102,185,180,115,,,,,90,40,,,,
,,68,Vantablack,1 678,10,260,150,300,410,280,42,76,76,102,,,,,,100,,,,
,,69,Fourierrr,1 640,11,260,150,200,170,,102,115,115,,,,,,,300,205,240,,90
,,70,zadokk,1 620,16,390,105,105,85,125,64,76,102,90,170,180,150,,350,10,150,,,30
,,71,DrSniken,1 534,7,260,,,,,,,,,260,310,250,,350,,81,23,,
,,72,holy834,1 494,17,210,22,34,59,52,64,76,64,55,90,90,150,170,600,40,,108,41,
,,73,Gagic,1 485,18,140,92,165,170,130,160,185,180,185,60,95,130,135,90,10,92,300,135,
,,74,zoldaria,1 461,10,390,,20,46,92,,30,56,140,,,,,550,,99,88,,
,,75,LittleBob,1 445,17,210,95,95,80,52,90,49,42,42,135,170,260,210,45,180,46,,185,
,,76,darwinian,1 430,13,210,125,125,165,,140,140,100,,200,160,130,285,90,,,,,50
,,77,tupper,1 415,16,390,80,92,165,150,100,64,102,210,39,60,60,80,,,138,160,75,
,#N/A,78,Yookie,1 398,16,,46,47,69,59,35,56,76,64,75,185,230,245,350,,158,79,63,
,,79,Palino,1 395,3,950,,,,,,,,,,,,,45,,,400,,
,,80,funnytortoise,1 390,12,260,105,165,140,95,140,180,90,102,,,,,150,,,99,250,
,,81,Doobie,1 370,17,320,130,125,85,165,76,102,115,115,60,82,150,135,45,10,230,,105,
,,82,Malakesh,1 336,11,170,,,,46,,20,56,90,60,120,200,160,480,,,25,,
,,83,BoatyMcBoatface,1 295,16,210,150,140,165,140,102,140,100,102,115,110,135,125,150,,200,112,,
,,84,Snucka,1 289,8,390,27,46,,,102,,,,82,130,,,480,,,32,,
,,85,Jorrig,1 264,6,260,105,85,,,64,,,,,,,,90,660,,,,
,#N/A,86,drodriguez,1 245,15,210,69,92,85,105,56,102,185,210,95,150,105,70,,,124,156,,
,,87,Shagrat,1 225,17,115,92,125,95,85,102,90,64,55,110,115,110,90,,40,240,130,280,
,,88,Phalanxx,1 222,15,210,105,95,105,85,185,180,115,,95,110,125,,45,40,43,192,,
,,89,Kolo,1 212,4,,,,,,,,102,,,200,440,470,,,,,,
,#N/A,90,Fjantarik,1 208,9,470,140,125,80,69,160,100,64,64,,,,,,,,,,
,,91,Wawrzyniec,1 185,2,,,,,,185,,,,,,,,,,1000,,,
,,92,ed_vins,1 140,16,260,69,43,46,95,76,102,90,102,55,80,90,130,,,29,260,101,
,,93,borz.zrob,1 114,9,130,260,140,125,140,102,115,76,102,,,,,,,,,,
,,94,Unterjochen,1 109,18,130,105,75,47,43,90,76,55,56,80,100,125,150,45,40,134,205,160,
,#N/A,95,WhateverParsley,1 105,12,260,130,105,85,165,,64,76,55,80,110,170,,,40,,,,
,,96,Plunderteig,1 100,1,1100,,,,,,,,,,,,,,,,,,
,,97,Hisbossness,1 099,15,140,92,75,92,85,102,140,140,90,70,150,150,125,,,152,4,,
,,98,jhutc,1 082,10,320,46,92,,,102,,,,100,75,,,90,,192,100,86,
,,99,SpartacusImperator,1 080,5,,230,300,280,260,,,,,,,,,,10,,,,
,#N/A,100,LeonidasI,1 079,16,170,92,75,69,59,90,55,35,56,160,80,45,32,240,,172,74,,
,,101,Oprah,1 078,9,210,95,95,,,160,90,,,,,,,150,40,,148,130,
,,101,PhiTrigger,1 078,13,210,165,150,130,95,115,90,64,55,,,,,90,10,98,,115,
,,103,Drikhen,1 062,9,,27,46,,,56,,,,95,150,285,,150,,55,225,,
,,104,Kay,1 055,16,130,170,150,130,125,42,56,115,100,105,95,100,130,45,,104,,,20
,,105,jingjing123,1 052,17,210,92,105,165,140,35,56,102,140,95,75,95,80,10,,42,78,48,
,,106,Masox,1 046,18,260,92,75,69,52,100,55,42,56,130,105,63,70,25,100,18,89,170,
,,107,maiquelPS,1 040,10,140,150,130,75,59,140,140,115,115,,,,,,,,,110,
,,108,Raulone,1 037,4,570,,,,,102,185,180,,,,,,,,,,,
,,109,Turdle,1 033,19,130,95,85,95,165,90,76,102,100,115,130,115,80,90,40,77,176,95,70
,,109,heisenberg_97,1 033,8,,165,230,130,95,56,102,140,115,,,,,,,,,,
,,111,Pitor,1 015,8,,,,27,92,,,56,185,,,170,230,,,75,180,,
,,112,DiddleySquat,1 014,8,,125,80,47,92,140,250,180,100,,,,,,,,,,
,#N/A,113,ciufile,1 000,13,390,,27,40,46,56,102,100,102,55,45,60,80,,,110,,,
,,114,CouchKing,969,14,260,130,95,125,105,76,49,56,49,,,,,45,100,78,41,65,
,,115,Shadowiscool500,966,14,210,125,75,47,59,55,35,35,27,44,44,95,,45,300,,,,
,#N/A,116,brunoerwin,954,12,210,85,125,95,80,56,64,64,102,,,,,,40,132,,125,
,,116,MartinW,954,13,390,69,47,52,92,42,35,30,30,,,,,10,10,130,132,,
,,118,Nightvayne,952,13,115,75,59,92,95,185,160,140,90,60,45,28,28,,,,,,
,,119,Dots,950,1,950,,,,,,,,,,,,,,,,,,
,#N/A,120,daggsea,949,10,170,23,46,69,52,,,,,45,52,120,200,240,,,,,
,,121,eggmancs,944,7,320,,,,,,,,,60,82,150,115,150,,67,,,
,,122,RudyRunner666,943,8,,80,92,105,105,64,102,185,210,,,,,,,,,,
,,123,GerionLannister,939,12,,34,69,92,,42,64,49,,38,60,70,,150,,320,114,,
,,124,Obinger_Alphons,938,15,320,59,69,69,92,49,56,102,90,105,80,75,60,10,,74,,,
,,125,Kimmo,932,18,115,125,85,85,85,64,102,100,55,60,60,110,70,45,40,73,28,210,
,,126,maunzzz,914,17,320,52,59,92,80,56,76,55,35,39,60,70,70,90,40,28,116,,
,,127,roverandom,896,18,170,59,59,47,59,76,64,76,76,100,130,105,95,25,10,58,140,80,
,,128,Gyphon,894,16,170,43,34,52,59,56,76,49,56,160,95,80,70,10,,97,146,,
,#N/A,129,Zegs,891,10,,46,69,165,140,,,,,52,95,110,70,90,,,152,,
,,130,Dvale112,888,11,170,92,105,80,47,76,115,115,90,,,,,,10,,,121,
,,131,Vangelisb,887,15,210,52,52,43,46,102,115,115,100,55,95,80,70,,,25,,45,
,,132,wittr,880,16,210,52,47,59,40,55,42,56,49,100,90,75,50,25,,235,,50,
,,133,belowfox,879,16,170,92,80,59,69,56,76,102,90,100,130,115,80,25,,30,,63,
,,134,NFGM,876,15,,27,46,52,92,56,64,102,185,48,82,105,110,25,,54,136,,
,,135,speedstone,872,11,170,,,,,100,55,56,100,100,90,80,60,150,,82,,,
,,136,WanderingWolf,871,11,210,75,69,69,92,100,102,90,102,,,,,45,100,,,,
,,137,vaLfizzL,870,10,130,69,59,,,55,,,,110,170,,,25,10,,77,200,
,,137,maxolino,870,12,210,85,80,69,92,30,30,64,102,,,,,,40,,37,168,
,,139,Sunmaster14_LV,858,18,140,105,75,43,46,55,35,30,56,100,95,100,75,90,100,24,128,90,
,#N/A,140,weisswurst,857,7,130,200,130,,,76,76,,,130,115,,,,,,,,
,,141,PlanarFreak,842,8,170,95,85,95,105,,,,,,,,,25,,83,184,,
,,141,MindKillazz,842,13,115,,,,,64,102,100,55,60,80,130,105,45,,88,122,74,
,#N/A,143,Doughnut,837,4,320,,,,165,,,102,250,,,,,,,,,,
,,144,nerficya,836,15,320,47,69,40,34,76,90,55,56,45,52,50,45,45,,,118,,
,,145,gomensky,834,7,,105,105,95,,,,,,,,,,90,100,49,290,,
,,146,Garri,829,9,140,46,52,47,52,42,27,,,,,,,150,300,,,,
,,147,Dethar,828,7,390,,,46,92,,30,56,64,,,,,150,,,,,
,,148,Qiubag,821,11,390,47,52,47,,64,49,,,82,80,,,10,40,,,57,
,,148,virvett,821,13,20,69,47,47,43,49,56,55,56,130,150,190,115,,,,,,
,,150,fathope,814,16,115,85,85,75,69,102,100,102,115,70,44,95,100,25,,9,,70,
,,151,CrownKiller,813,11,210,,,,,,,56,102,70,55,95,90,10,,61,73,112,
,,152,Kor,811,12,260,,27,69,47,56,55,56,,,95,70,44,150,,14,,,
,,153,RutgerHauer,810,2,470,,,,,,,,,,,,,,,,,,340
,#N/A,154,MrBiz,800,13,,20,46,92,85,56,55,,,15,48,80,110,25,,188,134,,
,,155,Xterm,795,5,115,200,200,150,130,,,,,,,,,,,,,,
,#N/A,156,Rajeev,789,9,210,34,,,,90,,,64,135,,,200,25,,31,10,,
,,157,Firedart,787,18,130,47,43,26,46,90,49,56,64,180,105,70,62,25,10,3,86,45,
,,158,Amorin,785,8,140,,,,,55,56,102,185,,,,,45,,44,158,,
,,159,ChipsAhoya,773,17,115,46,52,69,40,90,64,55,42,55,70,110,100,150,,41,69,21,
,,160,FenPlays,772,14,170,27,34,52,59,,,,,52,60,70,95,45,10,154,102,62,
,,161,Jonny125,768,17,210,52,92,80,59,35,35,56,76,70,52,80,80,25,10,80,,62,
,#N/A,162,HeirOfValyria,759,10,140,,,,,64,102,90,102,80,90,75,80,45,,,,,
,,163,Rob_Stedman,753,11,140,92,105,85,75,55,35,42,56,,,,,25,,,,145,
,,164,Papaver,752,6,,140,85,165,150,,,,,,,,,,100,112,,,
,,165,Dragonite,751,13,170,52,43,34,69,55,56,76,64,,,,,,10,86,150,80,
,#N/A,166,discodancer,750,4,,170,170,230,,,,,,,,,,,180,,,,
,#N/A,167,Reenter73,747,5,210,,,,,102,185,160,90,,,,,,,,,,
,#N/A,167,Watlersen,747,14,130,52,92,80,43,56,102,100,,70,55,95,75,25,,,,73,
,#N/A,169,syras,745,4,,,,,,,,,,150,135,200,260,,,,,,
,#N/A,170,Padishar,744,18,115,69,59,52,69,102,90,55,56,50,35,52,50,45,10,116,80,103,
,#N/A,171,GoblinMatron,734,10,140,34,92,85,80,,,,,,52,55,50,,180,,46,,
,,172,kenchan,731,16,170,47,92,75,92,76,76,49,42,75,75,50,48,25,10,,,25,
,,173,raist,729,18,115,52,92,75,59,30,42,27,20,95,100,105,88,10,40,56,59,27,
,,174,ElKhan,728,17,140,52,47,59,69,55,42,56,64,90,70,75,75,25,,66,61,143,
,#N/A,175,Arcee,721,10,,,,,,42,56,76,76,60,95,90,185,45,,,83,,
,#N/A,176,WowaduHek,715,5,,,,,,,,,,100,150,115,110,240,,,,,
,#N/A,177,Spence2102,714,15,95,69,43,34,52,49,56,64,76,90,80,50,39,150,,90,,,
,,178,MurphyAKL,710,18,115,52,43,46,52,76,49,42,35,75,55,130,115,10,40,23,87,57,
,,179,Gelato,705,13,95,,,,,76,100,55,42,110,75,70,75,25,,79,68,95,
,,180,Gudimundi,703,15,170,92,75,92,75,30,20,56,64,,50,60,60,,,36,75,48,
,,181,FCKAFD,700,1,700,,,,,,,,,,,,,,,,,,
,,181,Eske,700,1,700,,,,,,,,,,,,,,,,,,
,,181,Michiel,700,1,700,,,,,,,,,,,,,,,,,,
,#N/A,184,Beebs,694,12,,15,34,92,80,,,,,50,52,60,88,10,10,100,172,,
,,185,Skaiwalker,682,10,130,130,85,95,75,49,56,55,56,,,,,,40,,,,
,,186,flutter,680,16,170,69,69,80,47,42,56,76,76,55,60,55,80,45,10,,,40,
,,187,DavidSegoviano,677,18,140,34,69,52,59,56,55,42,56,52,47,32,35,45,40,180,62,48,
,,188,AndriiN,674,12,75,,,,,100,55,35,30,80,100,70,44,150,,37,,15,
,#N/A,189,LordPeter,669,7,140,92,95,105,125,,,,,52,60,,,,,,,,
,,190,Olesch,664,9,210,69,59,59,59,30,56,76,76,,,,,,,,,,
,,191,Mike1313,659,17,140,34,34,52,52,64,49,56,140,60,47,32,32,25,40,,95,23,
,,192,DrRerNate,655,4,320,,,,,115,100,,,,,,,,,120,,,
,#N/A,193,Budde,654,16,95,20,30,34,47,30,30,35,42,52,55,63,55,10,,72,215,,
,,194,St-Amadeus,653,16,115,46,92,95,75,56,76,64,49,80,50,44,44,,40,19,,49,
,,195,Notbot66,651,14,115,75,47,47,59,102,90,55,30,75,55,55,80,,,28,,,
,,196,JimmyLin,650,17,75,43,26,30,46,35,27,30,55,170,115,70,52,,40,17,30,67,
,,197,Magesolo,649,18,130,47,69,59,47,42,35,42,42,70,70,30,,25,100,34,82,68,60
,,198,Thisisnotasmile,641,18,115,69,43,46,43,49,42,42,56,50,60,70,70,25,100,26,70,87,
,#N/A,198,Dayvs,641,17,115,34,92,75,69,64,49,42,56,35,44,55,95,45,,59,72,32,
,,200,ChampDeGlace,634,14,140,52,69,69,52,64,49,42,42,52,70,100,70,,10,,,,
,,201,BelieveDream,630,2,,,,,,,,,,360,270,,,,,,,,
,,202,JensIV,619,15,170,47,92,75,47,42,30,30,35,70,44,63,55,25,,,22,,
,,203,trzeciakson,618,10,210,75,92,80,47,30,30,42,42,,,,,,,,,15,
,,203,Sakic19,618,17,130,20,46,59,43,30,56,49,56,52,60,90,110,10,,57,52,29,
,,205,Adamez,615,7,140,,,,,,,,,45,52,70,100,90,,118,,,
,,206,FreddyCrugerKiller,612,5,210,105,80,92,125,,,,,,,,,,,,,,
,,207,Dovi,609,10,170,59,47,69,59,35,42,56,49,,,,,,100,,,,
,,208,Buldozer_bga,608,8,95,40,30,46,75,,,,,135,125,,,,,62,,,
,,209,gregt,607,8,210,40,46,92,75,,64,76,,,,,,,,,4,,
,,210,MrFigu,585,5,210,,,,,115,115,90,55,,,,,,,,,,
,,211,brainac,574,10,170,43,46,95,75,,,,,60,45,28,,10,40,,,,
,,212,DB.Starman,570,12,210,59,59,52,52,35,35,27,30,,,,,,10,48,,55,
,,212,Raskonin,570,1,570,,,,,,,,,,,,,,,,,,
,,212,Romendil,570,5,170,95,95,105,105,,,,,,,,,,,,,,
,,212,Sellux,570,7,130,,,,,,,,,75,45,60,120,45,,95,,,
,,216,baodalanxin,568,13,115,52,92,75,47,42,42,56,64,,,,,,40,6,67,34,
,,217,LeoM,565,11,95,59,43,26,46,49,56,64,102,,,,,,,94,31,,
,,217,KarlThomas,565,3,,,,,,,,140,185,,,,,240,,,,,
,,219,henrymerrivale,564,17,115,40,34,46,47,56,55,30,20,55,55,45,35,25,,89,92,5,
,,220,StonedHenge420,562,15,75,46,59,59,69,64,76,49,42,32,39,52,60,,100,,,25,
,,221,Tasku,560,11,130,,27,46,40,,30,42,56,,,80,75,,,35,91,,
,,222,Ddafaith,559,17,115,69,47,40,46,42,64,64,55,44,50,52,50,90,40,,6,41,
,,223,Gavatron,558,7,170,92,80,47,,,64,49,56,,,,,,,,,,
,,224,DadboBaggins,554,11,130,47,59,43,46,100,64,55,30,,,,,,,12,53,,
,,225,Rolls.Royal,551,14,140,20,30,34,34,42,42,30,30,80,50,52,55,90,,,,,
,,226,Maharaj_JD,544,6,95,,,,,,,,,120,125,70,44,90,,,,,
,,227,Aranwar,535,9,,59,69,59,47,55,56,76,76,,,,,,,85,,,
,,228,Terence,532,14,95,34,46,52,43,,,,,70,52,60,50,90,10,22,63,32,
,,228,richardhell,532,10,170,27,46,,,30,42,,,70,52,,95,25,,12,,,
,,230,aivin,530,6,115,,,,,,,,,70,70,105,80,90,,,,,
,,231,Dread_84,528,14,75,20,46,92,95,30,30,42,64,38,52,,62,25,,,26,,
,,232,peposqui,527,9,,80,59,52,43,42,102,100,49,,,,,,,4,,,
,,233,Pieroz88,525,7,95,,,,,,,,,80,70,100,70,45,,65,,,
,,234,BitterBlossom,524,7,115,75,52,92,80,,,,,,,,,10,100,,,,
,,235,occupied,522,8,,85,75,59,52,64,55,56,76,,,,,,,,,,
,,236,RoxasVen,516,10,115,43,34,52,47,49,35,56,64,,,,,,,,90,,
,,237,Daniii,513,11,115,69,43,30,30,90,64,55,42,35,,,,25,,,,,
,,237,Goldfinger_,513,7,,,,34,46,,20,56,140,,,,,,,168,49,,
,,239,BirdOfPreyyy,512,11,115,,,,,55,30,5,30,28,35,35,32,,180,16,,,
,,240,ruby_buby,509,4,320,,,,,,,,,,,,,,,52,85,52,
,,241,LordMichael,498,7,170,52,52,43,46,,,,,,,,,,100,,,35,
,,242,Sohoof,495,2,470,,,,,,,,,,,,,25,,,,,
,,243,gabev,493,8,,,,,,35,,,,47,44,80,90,25,,68,104,,
,,244,rap2,489,12,115,52,40,46,52,42,,42,35,60,,80,,,10,,,23,
,,245,vagrantil,486,12,130,,,,,42,56,49,30,52,50,52,55,25,,15,18,,
,,246,ChosenWizard,485,6,260,34,30,,,64,55,,42,,,,,,,,,,
,,246,LT.Stuntovic,485,5,320,46,43,30,46,,,,,,,,,,,,,,
,,248,flaminghito,484,6,,,92,105,85,,,56,49,,,,,,,,97,,
,,249,Sarek,483,14,115,26,46,43,30,27,20,27,30,80,80,50,39,,,10,,,
,,250,Sandwhale,482,3,,410,,,,,,,,,,,,,40,32,,,
,,251,Arkadiussus,479,18,130,40,30,22,34,35,56,64,64,28,30,38,32,10,40,47,28,11,
,,252,Mephist,473,17,140,46,40,26,30,30,30,30,49,52,50,44,52,10,40,,17,9,
,,253,TorbenOfHerpes,471,14,,27,34,69,105,20,56,49,56,15,38,32,48,,,33,50,,
,,254,e5582768,470,1,470,,,,,,,,,,,,,,,,,,
,,254,St4nkk,470,1,470,,,,,,,,,,,,,,,,,,
,,254,zoiedberg,470,1,470,,,,,,,,,,,,,,,,,,
,,254,IdkIdcIdgaf,470,2,320,,,,,,,,,,,,,150,,,,,
,,258,Oleksandr,468,7,115,,,,,,,,,48,39,60,45,90,,71,,,
,,259,Shincham,466,10,95,46,59,59,69,35,35,42,56,,,,,,40,,,,
,,260,Attrill20,461,10,95,40,34,59,92,30,56,55,27,,,,,,,,,8,
,,261,Rhizom,460,4,210,80,,,,,,,,110,,,,,,,,60,
,,262,TheElk,459,15,170,30,34,40,30,27,20,35,42,32,52,45,35,,40,,18,,
,,262,wartin,459,16,115,43,22,20,46,35,42,27,20,47,44,60,62,25,40,,,7,
,,264,vodka,456,11,20,46,59,43,26,76,55,42,35,,,,,,100,,,29,
,,264,Kejml,456,15,140,47,43,23,22,56,49,42,35,27,32,44,35,25,,,27,,
,,264,Fleepa0,456,9,115,30,30,46,69,49,56,49,42,,,,,,,,,,
,,267,Panthera,455,18,80,46,59,52,47,42,42,30,30,55,45,32,39,10,10,50,66,37,
,,267,Durloc,455,10,65,52,47,47,69,35,56,64,55,,,,,,,,,24,
,,267,dellcan,455,4,,,,,,,,,,30,75,150,200,,,,,,
,,270,KenoshaKid,453,7,,92,80,59,47,55,56,64,,,,,,,,,,,
,,271,Legoman,452,11,95,15,26,34,30,,,,6,35,60,63,45,90,,,,,
,,272,Jiffy,451,4,210,,,,,,,,,,,,,25,,96,120,,
,,273,Sergeeeee,448,12,95,30,46,75,40,56,49,30,30,,,,,,10,,57,11,
,,274,schwam,446,16,75,40,46,47,59,27,12,30,30,45,39,45,48,10,,19,81,,
,,275,Daemon3142,445,17,95,40,46,40,23,49,42,42,56,39,52,55,50,25,,15,27,14,
,,275,Aftheiss,445,10,,34,40,46,59,55,42,56,76,,,,,,,70,,41,
,,277,haimke,442,11,170,59,40,34,34,20,30,12,35,,,,,,40,21,,,
,,278,OlaWictorin,441,6,170,80,69,,,55,27,,,,,,,,40,,,,
,,278,Aaronwebber,441,15,75,69,43,34,46,20,30,42,56,52,55,45,32,10,,,29,,
,,278,chefung,441,12,80,,,,,56,64,64,49,44,45,22,32,25,,,39,9,
,,281,Demetrius,440,5,260,,,,,64,76,,,,,,,10,,,30,,
,,281,Neandrtalec,440,5,170,,,,,,,,,75,70,80,,45,,,,,
,,283,tnawrocki,438,16,,34,46,47,40,64,64,55,42,52,55,55,45,10,10,,42,26,
,,284,Boristina,436,5,210,,,,,42,56,64,64,,,,,,,,,,
,,284,llsgnm,436,13,,27,30,23,46,30,30,76,55,44,45,60,80,10,,,,,
,,284,invalidName,436,4,,,,,69,,,102,140,,,,125,,,,,,
,,287,Jaracz,435,2,390,,,,,,,,,,,,,45,,,,,
,,287,whsvin,435,3,75,,,,,,,,,,,,,,180,,,,180
,,289,DarthVaderDLotS,434,9,115,59,47,59,47,30,20,35,42,,,,,,,,,,
,,289,TribunX,434,12,140,47,47,59,43,30,30,27,,25,38,30,,,,,,10,
,,291,comant,433,17,140,46,40,30,26,49,30,20,27,19,48,50,30,,10,1,29,29,
,,291,Garghiii,433,17,95,34,30,46,69,27,20,42,42,35,44,50,45,10,10,30,,26,
,,293,iyakhoop,430,2,260,,,,,,,,,,,,,,,,,170,
,,294,Alvin1912,428,7,130,69,40,,,76,49,35,,,,,,,,,,29,
,,295,littlesquirrel,425,3,,,,,,,,,,300,,,,25,100,,,,
,,295,SimTubez,425,8,,46,40,46,40,55,42,56,100,,,,,,,,,,
,,297,Agnsild,423,7,170,40,30,,,30,42,56,55,,,,,,,,,,
,,297,BahbUrge,423,8,,47,52,,69,35,,35,,60,80,,,45,,,,,
,,297,Ralf-TtA,423,7,65,92,80,69,52,,,,,,,,,,40,25,,,
,,300,gamblerch,422,7,115,,,,,,,,,45,39,70,60,,40,,,53,
,,301,MrGekz,421,13,75,,27,34,26,30,30,35,35,82,80,50,30,25,,,,,
,,302,Straszyk,420,2,320,,,,,,,,,,,,,,100,,,,
,,302,sdzy,420,2,390,,,,,,,30,,,,,,,,,,,
,,304,amaj,416,8,,46,52,43,34,35,35,27,,,,,,,,,144,,
,,305,Cat12,415,11,115,34,40,46,52,,,,,27,25,30,38,10,,,60,,
,,306,phoang,412,8,115,46,,,,,,,,50,52,45,39,25,,40,,,
,,306,Tomtomparking,412,15,115,30,26,22,26,42,56,55,35,32,38,32,39,10,,,6,,
,,306,Medgar,412,9,95,30,26,46,80,12,56,49,30,,,,,,,,,,
,,309,Hysen,411,14,115,40,20,27,20,42,56,49,,39,32,38,,25,,20,22,,
,,309,Haxxorn,411,17,95,69,43,46,43,30,30,30,30,45,30,28,25,10,40,5,,18,
,,309,jacksonray,411,9,,30,34,26,46,,,,,48,60,80,50,,,,,63,
,,312,bcnoexceptions,410,11,115,26,34,23,26,,,,,38,60,45,28,,,,64,20,
,,312,RiRu,410,16,45,30,30,46,43,42,30,20,35,44,39,45,25,45,100,,,29,
,,314,eNroamer,409,6,115,59,,,,30,,,,60,,,,45,100,,,,
,,315,Ioannis3,405,15,80,23,23,30,20,56,49,56,55,22,32,37,27,,40,,,9,
,,315,arDKee,405,9,,27,46,92,95,30,42,,,15,48,,,25,,,,,
,,317,Zaij,401,9,95,46,52,43,46,42,42,35,30,,,,,,,,,,
,,318,isman,398,6,115,46,52,,,56,49,,,80,,,,,,,,,
,,319,martinxjames,397,15,75,46,43,26,26,35,42,35,42,44,60,45,35,10,,,21,,
,,319,BuWu,397,17,75,34,43,34,34,6,20,42,30,38,60,55,50,,10,11,14,32,
,,321,maciek,396,17,115,30,34,40,34,35,35,42,30,35,39,45,45,25,10,,7,8,
,,322,Herdeksunek,395,16,75,30,22,26,46,27,6,30,49,25,25,32,60,,40,,45,48,
,,323,guppyfry,393,16,55,43,23,46,47,30,30,30,64,33,35,39,60,,10,39,,17,
,,324,Crey,390,1,390,,,,,,,,,,,,,,,,,,
,,324,WDD,390,1,390,,,,,,,,,,,,,,,,,,
,,324,DJParson,390,1,390,,,,,,,,,,,,,,,,,,
,,324,Beowls,390,1,390,,,,,,,,,,,,,,,,,,
,,324,Cmacu,390,1,390,,,,,,,,,,,,,,,,,,
,,324,Kuter,390,9,80,30,26,30,34,56,55,56,49,,,,,,,,,,
,,330,Mul,388,10,75,43,46,43,26,55,42,42,42,,,,,,,,,32,
,,331,lol1,385,5,140,,,,,,,,,60,55,70,60,,,,,,
,,332,arthurlam90,384,8,,26,46,43,46,42,76,49,56,,,,,,,,,,
,,333,FunkyLere,381,6,,,,,,55,42,56,55,,,,,,,102,71,,
,,333,Cleveman,381,12,115,46,40,23,26,,,,,45,28,35,27,45,10,,,17,
,,333,HopeForLuck,381,14,75,22,46,43,30,30,6,,,44,45,32,,45,10,23,51,,
,,336,t-k-421,380,16,115,46,47,43,26,27,20,30,20,32,22,32,35,10,10,,,14,
,,337,GrandHedgehog,379,7,,,,46,92,,,30,102,,,32,75,,,,2,,
,,338,TheKrunk,377,12,,10,26,30,34,20,42,42,42,,32,52,95,,,38,,,
,,339,Pshemo,372,14,75,46,52,40,30,30,20,30,30,52,45,27,32,25,,,,,
,,340,Radvan,371,10,95,23,23,34,43,30,56,55,35,,,,,,,21,,,
,,340,JoshyWiggins,371,16,115,23,26,23,34,30,42,42,35,27,32,39,32,25,,,19,6,
,,342,vendogs,370,10,75,26,34,20,,30,35,,,38,32,,,,100,,,5,
,,343,theussner79,368,17,80,43,46,40,34,30,30,35,30,32,19,38,52,25,10,,15,17,
,,344,MiloslavIII,365,2,320,,,,,,,,,,,,,45,,,,,
,,345,luigino71,364,15,115,34,26,30,22,20,42,27,20,32,39,45,22,,10,,,13,
,,346,DyziK,363,5,,,59,92,80,56,76,,,,,,,,,,,,
,,347,AdiQue,362,11,115,43,30,26,22,27,12,35,42,,,,,,10,,,44,
,,348,kaeptnblaubaer,361,15,140,22,20,6,23,30,20,27,12,39,27,28,25,45,,,,8,
,,349,EnozamaIV,360,13,80,,,,10,49,30,20,56,20,32,35,44,,10,,21,34,
,,349,ysiad,360,5,,,,,,,,,,75,70,75,95,45,,,,,
,,349,Bookhouseboy,360,14,95,6,46,47,40,20,35,35,30,20,32,27,1,,,,11,,
,,352,Captn4wesome,359,14,95,34,30,46,40,30,42,35,27,33,27,28,25,,,,,34,
,,353,Pule,358,5,115,,,,,,,,,80,80,,,45,,,,38,
,,353,Darain,358,11,,34,34,52,43,,20,27,30,30,60,60,45,,,,,,
,,355,Mark0n,357,5,170,52,,,,35,,,,60,,,,,40,,,,
,,355,Borgmo,357,8,140,20,46,52,,27,12,30,30,,,,,,,,,,
,,357,Mattian12000,356,7,75,40,26,30,46,,,,,,,,,,,,98,41,
,,357,jonzewiespike,356,12,95,,,,,12,42,42,35,32,25,32,38,,40,2,,26,
,,357,sttailtw,356,11,75,34,46,69,43,20,35,30,20,,,,,,,8,,24,
,,360,Vi15So17,354,17,75,30,23,26,22,5,20,35,30,44,60,45,30,25,10,,35,18,
,,361,InfiniteZest,353,5,210,34,46,40,23,,,,,,,,,,,,,,
,,362,Mario86,352,6,115,,,,,,,,,55,45,32,60,45,,,,,
,,362,Gabriele,352,9,130,30,30,,,30,30,,,39,39,,,10,,,,24,
,,364,gothark,350,2,170,,,,,,,,,,,,,,180,,,,
,,364,VampireD,350,2,170,,,,,,,,,,,,,,180,,,,
,,366,pdx,347,11,65,,,,,12,12,30,5,32,35,52,50,25,,,58,,
,,367,Michal_Kossakowski,345,6,115,,,,,,,,,60,55,60,45,10,,,,,
,,367,lhrljr,345,6,75,,,,,,30,56,76,,,48,60,,,,,,
,,369,firlefanzer,343,13,95,20,10,46,40,20,27,20,27,28,28,44,35,,,,,,
,,370,vbogoev,342,15,75,30,26,34,20,27,30,27,6,32,44,45,52,25,,,,7,
,,371,migoet,341,16,95,22,23,34,23,27,20,30,12,32,39,44,27,,,13,40,11,
,,371,Ekdezel,341,15,80,23,34,26,23,20,42,42,42,19,32,39,30,,,,9,22,
,,373,hypodg,339,14,75,23,30,26,34,6,30,35,42,38,39,44,32,,,,,22,
,,373,Spoobill,339,10,95,34,22,30,46,35,42,27,30,,,,,,10,,,,
,,373,Asperins,339,15,95,22,23,22,30,12,27,12,56,25,22,38,44,,10,,,24,
,,376,vitek,337,3,210,75,52,,,,,,,,,,,,,,,,
,,376,spaceport,337,5,95,,,,,42,42,56,102,,,,,,,,,,
,,378,Carbon14,336,12,95,46,40,30,26,12,30,20,30,39,,,,,,6,,5,
,,379,Netopier,335,2,260,75,,,,,,,,,,,,,,,,,
,,379,LuckyAnesa,335,3,170,,,,,,,,,90,75,,,,,,,,
,,379,humanmoves,335,11,75,,,,,,12,20,30,39,39,35,32,45,40,,20,,
,,382,Loveschack,334,9,115,30,26,26,,27,30,30,,32,44,,,,,,,,
,,382,Barnes,334,8,,,20,46,69,,,20,56,,,,52,,,27,44,,
,,384,Prashanth,333,10,80,,,,,49,27,30,49,25,25,25,32,,,,,41,
,,385,Aruta,332,5,130,,20,46,80,,,56,,,,,,,,,,,
,,386,Nickeberg,330,2,320,,,,,,,,,,,,,,10,,,,
,,386,Fayebian,330,2,320,,,,,,,,,,,,,10,,,,,
,,388,dougthonus,328,8,,34,46,43,34,56,55,30,30,,,,,,,,,,
,,388,Nostradamus5321,328,5,130,,,,,,,,,45,38,60,55,,,,,,
,,388,Parcival,328,10,95,34,23,26,34,27,30,35,30,,,,,,,,43,,
,,388,Kloef,328,4,,,,,,30,56,102,140,,,,,,,,,,
,,392,Kelern,326,16,75,,10,22,30,27,6,20,35,30,32,52,45,10,10,,26,15,
,,393,Cresspahl,325,17,75,26,22,23,26,35,42,30,6,32,28,39,44,10,10,,3,15,
,,394,larshb,324,10,75,26,23,26,30,35,56,49,27,,,,,,,,13,,
,,395,jhamra,323,4,130,,,,,,,,,28,75,90,,,,,,,
,,395,sergraim,323,9,75,43,34,20,6,30,30,35,56,,,,,,,,,,
,,395,tronnemann,323,12,95,40,30,23,34,,,,,35,27,32,30,10,10,,,20,
,,395,Tyrtaios,323,14,80,15,26,22,34,12,30,20,27,32,30,32,30,,,,55,,
,,399,Vorbrock,320,1,320,,,,,,,,,,,,,,,,,,
,,399,mbbchess,320,1,320,,,,,,,,,,,,,,,,,,
,,401,Rasputin,319,14,95,26,23,23,34,30,6,12,20,19,28,39,44,,,,,6,
,,402,Bergen,318,16,55,43,34,22,30,42,35,35,30,25,32,27,25,,40,,17,34,
,,402,Bizniouf,318,11,80,,,,22,35,27,20,42,32,38,32,32,,,,,17,
,,404,blackwave,317,8,,15,46,40,26,,,,,48,45,52,45,,,,,,
,,405,Krayze,315,9,20,46,43,,,56,49,,,80,,,,10,,11,10,,
,,405,rabalder,315,7,115,,,,,,,,,50,35,44,39,10,,22,,,
,,405,norbetk,315,7,,46,47,59,52,,,30,56,25,,,,,,,,,
,,408,Cooper,314,13,,15,34,43,46,,12,35,42,22,20,28,32,,,10,54,,
,,409,petrau77,313,15,95,43,23,22,15,30,12,6,12,22,38,30,32,,10,,,9,
,,410,Diogenes,312,13,75,34,30,30,22,20,35,30,12,,,20,38,,40,,,6,
,,411,BeatrixAnd,310,2,210,,,,,,,,,,,,,,100,,,,
,,411,Wennejoekel,310,9,95,,,,,35,30,,,39,28,38,35,,10,,,5,
,,411,Garlett,310,4,,,,,,,,,,80,100,70,60,,,,,,
,,411,mikemast,310,7,65,,,,,,,,,48,47,39,45,10,,,56,,
,,411,qhung49,310,7,20,46,52,47,40,56,49,,,,,,,,,,,,
,,416,Netrom,309,13,95,26,30,34,22,30,12,12,30,25,22,32,32,,,,,,
,,417,Jochabeth,307,9,75,22,34,30,34,,,,,30,32,45,27,,,,,,
,,418,Dzsabo,306,14,80,30,34,40,23,12,27,6,20,28,30,32,32,,,,,8,
,,419,CloneFish,305,12,75,47,43,30,23,,,,,35,27,19,22,,10,,25,8,
,,419,Proteus,305,10,20,47,52,40,30,,,,,30,28,39,39,10,,,,,
,,419,SKJaCaRD,305,13,95,23,23,30,34,,,20,30,30,22,22,38,25,,,2,,
,,419,Victory7,305,11,,,15,46,43,30,35,42,56,,15,28,25,,,,24,,
,,423,Jappa,302,9,80,40,26,20,,30,42,,,32,32,,,,,,,13,
,,423,CRocky,302,12,,30,26,,34,20,35,30,30,20,38,60,45,,,,13,,
,,425,McNulty,297,7,95,,,,,,,,,32,32,52,45,25,,,,16,
,,425,Taeveren,297,13,75,10,20,3,20,35,30,20,,28,44,45,,,10,,,10,
,,425,RobertdeSable,297,9,,15,23,26,34,56,49,35,42,,,,,,,,,32,
,,428,Lammoth,295,15,65,30,30,34,30,30,30,30,35,8,28,30,28,,,,20,41,
,,428,andykr,295,16,75,23,26,30,34,30,6,20,35,32,30,28,27,10,10,,,29,
,,428,khyung,295,6,115,34,47,43,46,,,,,,,,,,10,,,,
,,428,ABQ,295,7,80,59,40,34,40,30,12,,,,,,,,,,,,
,,432,nattee,294,13,,22,46,40,34,35,35,30,12,30,38,30,32,,,,,34,
,,433,Boardello,293,12,95,34,23,30,20,20,30,12,,32,27,22,,,,,,17,
,,434,luckrider,291,9,75,,,,,42,30,20,27,38,32,22,25,,,,,,
,,435,opatulony,290,9,95,34,26,23,23,12,42,27,20,,,,,,,,,,
,,436,Bobisko,289,10,20,59,40,26,30,30,35,42,27,,,,,,,,,18,
,,436,seviech,289,11,75,40,34,26,30,20,27,12,35,,,,,,10,,,22,
,,438,RedMadMike,288,9,115,26,23,,,27,20,30,,20,25,22,,,,,,,
,,439,Kermit19,287,6,115,,,,,,,,,45,28,39,35,25,,,,,
,,440,irule,286,13,75,34,22,30,30,30,6,20,35,19,25,27,4,,,,,,
,,440,taltal,286,7,80,,,,,,,,,39,35,35,52,25,,20,,,
,,442,refs,285,7,95,,,,,,,,,32,38,39,32,25,,24,,,
,,442,MarcoM,285,8,80,,,,,12,35,,,30,32,39,32,25,,,,,
,,444,baggioka,284,13,75,34,22,30,26,12,30,6,12,30,32,27,25,,,,,,
,,444,javimb89,284,16,55,26,23,34,26,35,30,12,6,17,11,19,38,10,40,,,20,
,,446,MBlueMan,283,9,80,,,,,,,,,30,28,32,32,45,,18,1,18,
,,446,sodalppargkppakee,283,11,55,,,,,20,30,12,30,44,35,39,30,10,,17,,,
,,448,AxelKlaar,282,3,210,,,,,30,42,,,,,,,,,,,,
,,448,KEIL,282,8,95,22,22,23,46,,12,35,27,,,,,,,,,,
,,450,Bathman,281,15,65,26,34,26,23,27,5,12,12,20,22,32,48,,10,,,20,
,,451,GunKer,280,4,115,40,,,,30,,,,95,,,,,,,,,
,,451,Purplegoo,280,14,95,22,23,22,23,35,27,6,12,8,28,27,8,,10,,,,
,,451,giannisoad,280,9,65,20,6,22,23,56,55,27,12,,,,,,,,,,
,,454,Csannerud,278,15,95,26,26,23,23,12,30,12,20,25,30,22,22,,,,23,10,
,,454,akira215,278,13,55,46,40,20,,27,6,12,20,28,20,32,30,,,,,10,
,,456,matst379,277,11,65,22,23,22,,,,5,,32,30,28,22,45,,,,32,
,,457,Ricicle,276,5,95,40,46,52,43,,,,,,,,,,,,,,
,,458,IpaStian,275,11,65,23,30,34,30,,,,,35,30,20,28,10,10,,,,
,,458,Muning,275,4,,,,,,,,,,52,60,63,100,,,,,,
,,460,oleKanin,274,9,75,,,,,35,30,20,30,32,30,22,19,,,,,,
,,461,zcx,273,3,,,,,,,,,,,48,95,130,,,,,,
,,462,brumynut,272,15,65,26,20,34,26,20,30,12,20,33,30,28,22,,,,5,26,
,,462,M.T,272,5,95,,,,,,,,,47,32,38,60,,,,,,
,,464,Crs,271,15,95,26,30,23,22,6,12,6,5,25,17,22,28,,10,,,18,
,,464,Pulpecja,271,14,65,23,22,26,23,12,30,12,27,38,27,17,32,,,,,26,
,,466,DJLAODIE,270,2,260,,,,,,,,,,,,,,10,,,,
,,466,nkbobo,270,9,65,26,30,26,34,20,27,20,42,,,,,,,,,,
,,466,Crowther,270,5,80,,,,,35,35,56,64,,,,,,,,,,
,,469,Desgenais,269,11,65,23,26,23,26,30,30,42,27,,,,,,,,16,8,
,,470,Chris10,268,10,75,26,23,20,15,27,30,27,20,,,,,,40,,,,
,,470,Flower4,268,5,,,15,,,30,,,,,38,75,110,,,,,,
,,472,Jume,267,15,80,15,26,22,20,20,27,20,27,19,38,27,1,,10,,,11,
,,472,JoopHuizinga,267,7,75,,,34,30,,30,35,35,,,,28,,,,,,
,,474,ZioKhan,266,15,65,20,3,22,30,27,20,30,20,22,25,25,19,,40,,,24,
,,474,Chriiiss,266,13,80,23,26,20,3,20,35,27,6,28,27,17,20,,,,,,
,,474,AdumbusPrime,266,6,80,,,,,,,,,32,44,45,25,,40,,,,
,,474,powerbigoud,266,14,45,20,22,22,22,6,6,30,27,25,23,25,28,,,,,63,
,,474,Thomi,266,8,,6,30,30,30,30,35,56,49,,,,,,,,,,
,,479,Sengir80,264,5,,59,59,52,43,,,,,,,,,,,51,,,
,,479,Monik,264,14,65,20,10,23,26,,12,30,12,38,35,27,2,,10,,,9,
,,481,Mockingbird5,263,13,65,34,22,15,23,12,27,,,45,19,28,19,10,,,,7,
,,481,SeanHandley,263,13,55,6,23,26,30,,30,27,6,35,32,22,28,10,,,,,
,,483,yliu386,262,5,115,,,,,42,35,35,35,,,,,,,,,,
,,483,Tuty,262,7,20,43,34,46,40,,,30,49,,,,,,,,,,
,,485,mahawirasd,261,9,80,26,20,20,,30,35,,,32,,,,10,,,,18,
,,486,mikechike,260,1,260,,,,,,,,,,,,,,,,,,
,,486,IVE,260,1,260,,,,,,,,,,,,,,,,,,
,,486,Tototrillion,260,1,260,,,,,,,,,,,,,,,,,,
,,486,Dubz,260,9,65,,6,30,26,,,,,32,32,25,25,25,,,,,
,,490,Kaiserschmarrn,259,8,20,43,22,1,,56,55,35,27,,,,,,,,,,
,,490,OrionAlpha,259,14,45,30,22,22,23,5,6,20,27,32,35,37,30,,,,,14,
,,492,danebed,258,4,140,43,26,,,49,,,,,,,,,,,,,
,,492,Wiktor,258,10,80,,,,3,35,27,12,6,32,39,27,6,,,,,,
,,492,boogy5,258,12,65,23,22,23,30,5,12,30,35,30,,,,,,4,,5,
,,495,monkeyml,256,10,,20,23,30,23,5,6,,,25,38,52,45,,,,,,
,,495,Trond79,256,7,,,,27,34,,30,42,35,,,28,60,,,,,,
,,497,TrilceAC,255,6,,59,59,47,47,,,,,,,,,,,7,36,,
,,498,KubikD,254,5,115,,,,,,,,,38,39,30,32,,,,,,
,,499,Polldrake,253,9,80,,,,,27,30,30,12,20,22,22,22,,,,,,
,,499,kev5047,253,11,20,,,23,26,30,12,27,20,38,39,35,35,,,,,,
,,501,chris223,252,14,55,23,26,23,26,27,20,35,35,25,23,20,19,,,,,14,
,,502,Donni,250,2,210,,,,,,,,,,,,,,40,,,,
,,502,Garban7,250,9,65,30,30,30,20,,,,,28,17,22,25,,,,,,
,,504,greyshade,249,8,80,22,22,22,,,,,,28,27,28,20,,,,,,
,,504,Strawer_1982,249,9,,23,30,23,26,42,35,35,35,,,,,,,,,13,
,,506,Joppur,248,9,75,20,10,,,27,6,5,,35,30,,,45,,,,,
,,506,TheYoungDutch,248,7,45,,,,,,,,,30,32,60,45,10,,,,26,
,,508,MarekP,247,6,115,,,46,,,20,30,,32,,,,,,,,4,
,,508,tianren4561367,247,4,,,,27,92,,,,,,,48,80,,,,,,
,,510,Largos,246,14,75,22,30,20,30,5,5,12,27,8,20,22,17,,,,,7,
,,510,GregoryD,246,9,95,20,10,22,30,30,12,27,6,,,,,,,,,,
,,512,skab12,245,13,65,23,23,34,23,20,30,12,12,22,19,19,25,,,,,,
,,512,Fullynice,245,14,65,22,22,22,22,30,20,27,5,17,30,27,2,,,,,8,
,,512,HRG,245,13,80,20,20,15,23,20,27,20,30,19,20,17,25,,,,,,
,,515,woodabooga,244,6,75,,,,,,,,,45,25,39,35,25,,,,,
,,515,Francesco1812,244,14,75,30,23,23,23,6,6,20,30,20,19,19,19,,,,,15,
,,515,Dienekes,244,14,80,15,22,20,26,6,6,6,5,19,17,32,27,,,,,18,
,,518,alittlehorse,243,7,75,,,,,,,,,35,38,35,27,25,,,8,,
,,518,rcia,243,6,95,26,30,34,26,,,,,,,,,,,,,32,
,,520,tysat,242,10,80,,,,,12,30,12,5,28,30,25,25,,10,,,,
,,520,abobey,242,14,55,22,22,6,26,6,5,6,12,28,25,30,32,,,,24,,
,,520,Magnotta85,242,2,,,,,,,,,,,,,,,,148,94,,
,,523,joehammerman,241,8,115,26,23,23,,12,27,5,,,,,,,10,,,,
,,523,Shiffdog,241,13,65,10,22,23,23,27,6,5,6,22,32,27,1,,,,,,
,,523,zackg,241,9,75,30,23,26,23,,,,,17,15,22,25,,,,,,
,,526,TeriyakiJaccuzi,240,15,45,20,6,22,20,12,27,5,20,27,28,44,27,10,,,,7,
,,526,LhuCaS,240,9,65,22,30,22,20,42,27,6,12,,,,,,,,,,
,,526,RoboKay314,240,13,80,20,3,20,22,12,27,12,6,22,22,25,22,,,,,,
,,526,Selya,240,2,140,,,,,,,,,,,,,,100,,,,
,,526,jonswar,240,1,,,,,,,,,,,,,,,,,,240,
,,526,Kaczas,240,6,95,,,,,,,,,28,39,35,35,,,,8,,
,,526,mrcy,240,4,115,,27,46,52,,,,,,,,,,,,,,
,,533,tiffelvet,239,5,130,,,,,,,,,22,25,32,30,,,,,,
,,533,z0pfel,239,13,,15,20,10,30,30,6,6,6,19,28,39,28,45,,,,,
,,535,JohnyT,238,8,95,,,,15,30,30,6,30,,,,,,10,,,22,
,,536,NRoy,236,8,65,,20,22,,,12,,,,32,30,,10,,45,,,
,,536,Sirovec,236,9,80,22,20,22,22,,,,,20,19,28,22,,,,,,
,,536,pessen,236,2,210,,,,,,,,,,,,,,,26,,,
,,539,Mitchum,235,14,55,22,23,23,20,27,5,12,6,28,32,25,17,,,,,13,
,,539,vgiannog,235,9,65,,,,,12,42,27,20,19,22,20,20,,,,,,
,,541,JohnnyMac,234,13,65,22,20,3,15,20,27,5,5,19,28,30,22,,,,,,
,,541,EugeneB,234,6,95,,,,,,,,,44,32,25,28,10,,,,,
,,541,michasz,234,14,,23,26,22,30,30,27,12,30,19,25,32,22,,10,,34,,
,,541,collace,234,13,,10,20,34,40,6,20,35,27,2,17,28,25,25,,,,,
,,545,GerwinW,233,8,,,20,20,30,42,27,30,35,,,,,,,,,29,
,,545,DarKStyle,233,4,,,,,27,,,30,76,,,,100,,,,,,
,,547,sorecats,231,6,115,26,26,26,30,,,,,,,,,,,,,8,
,,548,Thronx,230,6,,26,23,,,,,,,50,52,45,,,,,,34,
,,548,delonecarter,230,2,130,,,,,,,,,,,,,,100,,,,
,,548,danilius,230,3,170,,,,,30,30,,,,,,,,,,,,
,,548,Synchro,230,6,,,27,40,,30,56,49,,,28,,,,,,,,
,,548,HolyOutlaw,230,9,75,,,,,12,12,35,27,22,20,19,20,,,,,,
,,548,Kesterer,230,1,,,,,,,,,,,,,230,,,,,,
,,554,ThomRun974,229,2,210,,,,,,,,,,,,,,,,,19,
,,554,Rob13,229,12,,23,34,34,26,12,27,20,27,28,25,22,28,,,,,,
,,556,MoonlitShadow,228,3,75,,,,,115,,,,38,,,,,,,,,
,,556,PacoHolliday,228,9,65,20,3,27,20,,,,,22,17,25,32,,,,,,
,,558,LeSauvage,227,9,45,23,30,23,20,,,,,17,30,39,,,,,,5,
,,559,Alfonsillo,226,8,20,30,,34,34,,,20,35,,,28,25,,,,,,
,,560,shohei,225,7,75,34,,30,30,,20,30,6,,,,,,,,,,
,,560,Froggy42,225,11,55,26,22,15,22,,,,,27,26,22,25,10,,,,11,
,,562,Mkucharz,223,2,115,,,,,,,,,,,,,,,108,,,
,,562,mahlerian_shadow,223,9,65,,,,,6,5,12,27,25,28,32,28,,,,,,
,,562,Depp,223,8,,,,15,34,,12,30,30,,28,39,35,,,,,,
,,565,SuperHans,221,2,115,,,,,,,,,,,,,,,106,,,
,,566,nanoprince,220,2,210,,,,,,,,,,,,,,10,,,,
,,566,DayWeed,220,7,65,15,46,,,,,,,6,19,,28,,,,,41,
,,568,micropip,219,12,75,22,20,20,10,12,6,20,30,,,,,,10,8,,20,
,,568,Bedrich_H,219,9,75,22,22,20,27,5,6,20,27,,,,,,,,,,
,,570,Bidenbaum,218,5,,27,,,,56,,,,60,,,,,,64,11,,
,,571,Cristiancordeu,217,9,55,30,22,,,,,,,27,20,28,25,10,,,,10,
,,572,tanman,216,9,65,20,3,22,23,12,27,20,27,,,,,,,,,,
,,572,Daze,216,10,20,,,,6,30,30,12,5,20,38,39,27,,,,,,
,,574,Imiter,215,6,95,,,,,,,,,35,30,28,17,10,,,,,
,,575,Teraspena,214,5,80,26,34,40,34,,,,,,,,,,,,,,
,,576,xeveli,213,12,55,22,,22,22,5,5,6,12,17,11,25,38,,,,,,
,,577,Sonder.,212,5,,,,27,92,,,,,,,38,52,,,,3,,
,,578,J-dog,211,9,55,26,23,22,1,,,,,19,19,19,28,,,,,,
,,579,matinghiasi,210,1,210,,,,,,,,,,,,,,,,,,
,,579,FoLKeN91,210,1,210,,,,,,,,,,,,,,,,,,
,,579,ranch99,210,1,210,,,,,,,,,,,,,,,,,,
,,579,otis,210,1,210,,,,,,,,,,,,,,,,,,
,,579,PatLes5Couronnes,210,1,210,,,,,,,,,,,,,,,,,,
,,579,Kristin,210,1,210,,,,,,,,,,,,,,,,,,
,,579,dnomn8r,210,1,210,,,,,,,,,,,,,,,,,,
,,579,Composaurus,210,1,210,,,,,,,,,,,,,,,,,,
,,579,Shmu,210,1,210,,,,,,,,,,,,,,,,,,
,,579,ulkupayaya,210,1,210,,,,,,,,,,,,,,,,,,
,,579,redantx,210,5,95,,,,,,,,,38,32,20,25,,,,,,
,,590,Rick80,209,9,55,,,,,27,12,30,6,22,22,22,19,,,,,,
,,590,N4F,209,6,,27,34,23,,20,56,49,,,,,,,,,,,
,,590,Paoloco,209,8,,20,34,26,20,35,27,20,27,,,,,,,,,,
,,593,Kozzilla,208,6,65,,,,,,,30,30,25,20,38,,,,,,,
,,593,ElTanque35,208,5,75,,,,27,,,49,56,,,,,,,1,,,
,,595,AntoineBx,207,6,,20,34,46,40,,,,,28,39,,,,,,,,
,,596,MeteorisVulcanus,206,9,65,,,,,12,27,5,6,19,28,32,17,,,,,,
,,596,Exile,206,9,65,20,3,20,22,,,,,15,20,19,25,,,,,,
,,596,KTown,206,9,45,,,,,5,30,27,20,19,20,20,25,,,,,,
,,599,albinsix,205,10,80,26,22,15,26,12,12,6,12,,,,,,,,,8,
,,599,LeBonus,205,6,95,,,,,,,,,25,20,20,38,,,7,,,
,,601,bobcatbob,204,15,65,22,20,10,20,5,5,6,5,19,20,19,19,,10,,,17,
,,601,Jesaphi,204,9,75,22,20,10,20,,,,,17,11,19,20,,,,,,
,,601,Quokka,204,5,55,,,,,,,,,38,35,44,32,,,,,,
,,604,etJake,203,10,45,,,,,6,20,27,12,27,22,22,28,10,,,,,
,,604,FiveGee,203,8,,26,20,20,30,,,,,25,26,28,28,,,,,,
,,604,ChunkySam,203,6,,,,,,,,30,35,,,32,38,,,5,,63,
,,607,Tony117,202,6,80,30,30,22,27,,,,,,,,,,,,,13,
,,607,Jolli,202,9,20,23,22,23,23,49,30,12,12,,,,,,,,,,
,,609,metternich,201,13,55,3,3,20,20,5,20,30,5,17,1,22,17,,,,,,
,,609,Claudius74,201,14,55,22,26,20,20,5,6,5,6,20,19,19,17,,,,,5,
,,609,Gandy,201,7,95,,,,,,,,,25,25,20,32,,,3,1,,
,,612,jRune,200,2,,95,,105,,,,,,,,,,,,,,,
,,613,Drk,199,10,,20,15,26,26,30,12,35,35,,,,,,10,,12,,
,,614,zbert,197,3,140,47,,,,,,,,,,,,,10,,,,
,,614,Twistor,197,4,95,,20,34,,,,,,,,,,,,,,48,
,,614,MechJayTi2,197,6,75,30,34,23,23,,,,12,,,,,,,,,,
,,614,bryanckh,197,6,,,,,15,,30,30,30,,,32,60,,,,,,
,,618,C3POsMidriff,195,5,65,,,,,,20,,,32,38,,,,40,,,,
,,618,Gr33ny,195,13,55,23,20,3,20,5,5,6,12,19,20,19,19,,,,,,
,,618,Vegeta4791,195,11,55,30,22,,20,,6,12,6,17,4,19,20,,,,,,
,,618,verbalg,195,8,,,,,,20,35,27,20,28,17,28,20,,,,,,
,,618,DerIch86,195,5,65,,,,,,30,30,,,,38,32,,,,,,
,,623,Likas11,194,6,80,,,,,,,,,27,25,30,22,10,,,,,
,,624,Ulyssess,193,10,80,20,6,22,10,12,27,12,6,,,,,,10,,,,
,,624,Partyshank,193,8,65,,,,,27,,6,12,22,19,32,,,10,,,,
,,624,Mejdzr,193,8,45,20,6,26,22,,,,,32,32,,,,10,,,,
,,624,Michcio,193,8,,,,20,23,,20,30,6,,23,32,39,,,,,,
,,628,bluecube,191,3,,,20,46,125,,,,,,,,,,,,,,
,,629,Chrono_,190,4,115,,,,,,,,,35,30,,,10,,,,,
,,629,Montu,190,5,,30,,,,42,,35,35,,,,,,,,,48,
,,629,JCleek,190,2,,85,,,105,,,,,,,,,,,,,,
,,632,Nevic,188,4,80,,,,,,,,,48,35,,,25,,,,,
,,633,devilchn,187,2,140,47,,,,,,,,,,,,,,,,,
,,633,czaurel,187,7,20,23,20,,,12,35,42,35,,,,,,,,,,
,,633,JiriHosek,187,5,75,,,34,46,,,12,20,,,,,,,,,,
,,636,AsKier,184,5,80,,,,,27,20,27,30,,,,,,,,,,
,,636,Rumbleman,184,2,170,,,,,,,,,,,,,,,,,14,
,,636,IrenaX,184,14,55,20,1,3,22,5,6,12,5,2,22,19,19,,,,,15,
,,636,kngoswg,184,5,80,,,,,20,27,30,27,,,,,,,,,,
,,636,Djinges,184,3,,,,,,,,30,102,,,,52,,,,,,
,,641,LordHomeOffice,183,6,,47,40,26,26,,,,30,,,,,,,14,,,
,,642,TAOxEagle,182,3,170,,,,,,,6,6,,,,,,,,,,
,,642,Quasar_Enderas,182,5,,,,,20,,,30,56,,,32,44,,,,,,
,,644,Dvd75,181,8,,22,30,20,20,12,27,20,30,,,,,,,,,,
,,644,deleted_user_8840806,181,3,,,46,,,,,,,,45,,,90,,,,,
,,646,aaaaa,180,4,,47,47,40,46,,,,,,,,,,,,,,
,,646,Bigwellow,180,2,170,,,,,,,,,,,,,,10,,,,
,,646,CuJ,180,11,55,6,20,1,22,,,5,6,19,20,19,19,,,,,,
,,649,icepick_mn,178,6,55,,,,,,,,,44,27,17,25,10,,,,,
,,649,DieKrake89,178,5,,,,34,34,,,30,42,,,,38,,,,,,
,,651,Everex,177,12,55,6,22,22,22,6,6,6,5,17,8,25,,,,,,,
,,652,Dimitris,175,14,20,6,20,15,20,12,27,5,5,19,22,28,19,,10,,,,
,,652,ClaridadNocturna,175,8,,22,26,22,22,,,,,20,22,19,22,,,,,,
,,652,ksfga,175,5,65,,,30,23,,30,27,,,,,,,,,,,
,,652,ThePerceptiveGamer,175,7,,,,,,,,6,30,25,20,22,32,,40,,,,
,,652,pavelceska,175,6,,,,,20,,,30,42,,19,32,32,,,,,,
,,657,jSan,174,3,75,69,,,,,,,30,,,,,,,,,,
,,658,kabel2,173,10,45,23,,,,6,5,5,5,25,19,25,25,,,,,,
,,658,FlyGon,173,6,,,20,34,34,,,,,,22,28,35,,,,,,
,,660,Adrianobf,172,5,75,23,20,20,34,,,,,,,,,,,,,,
,,661,Cromlech,171,7,45,,,23,22,,,,,20,25,17,19,,,,,,
,,661,Gabilou,171,5,55,,,,,,,,,20,32,32,32,,,,,,
,,661,MoreHat,171,2,95,,,,,,,,,,,,,,,76,,,
,,664,Wolar,170,2,130,40,,,,,,,,,,,,,,,,,
,,664,Octavian,170,1,170,,,,,,,,,,,,,,,,,,
,,664,Lothar,170,1,170,,,,,,,,,,,,,,,,,,
,,664,JSauve,170,1,170,,,,,,,,,,,,,,,,,,
,,664,Andiii,170,1,170,,,,,,,,,,,,,,,,,,
,,664,milanmar,170,1,170,,,,,,,,,,,,,,,,,,
,,664,mezerrrrr,170,1,170,,,,,,,,,,,,,,,,,,
,,664,LJSHUEN,170,1,170,,,,,,,,,,,,,,,,,,
,,664,Technicolourism,170,1,170,,,,,,,,,,,,,,,,,,
,,664,booyakasha,170,1,170,,,,,,,,,,,,,,,,,,
,,664,Icallhimtest,170,1,,,,,,,,,,,,,170,,,,,,
,,675,Andreyko2003,169,6,65,,,,,,,,,27,22,25,20,10,,,,,
,,675,joniboni,169,4,,,,,,,,,,32,32,60,45,,,,,,
,,677,Die12,168,4,75,43,30,,,20,,,,,,,,,,,,,
,,678,RJonkers,167,7,65,3,,,,6,,,,30,19,25,19,,,,,,
,,678,jmcj,167,9,,,10,34,40,,6,12,12,,17,25,17,,,,,,
,,680,methak,166,4,95,,,,,27,,,,,,,,,10,,,34,
,,680,mooscolly,166,10,20,,,,,5,12,27,5,20,28,30,19,,10,,,,
,,680,PacificKonradin,166,2,,,,,,,,,,150,,,,,,16,,,
,,683,Daru,165,6,,26,30,46,,,20,,,15,28,,,,,,,,
,,683,Sapiocek,165,2,75,,,,,,,,,,,,,90,,,,,
,,685,aoe2champ,164,10,20,23,20,15,22,6,6,12,20,,,,,,,,,32,
,,685,Pudroe,164,4,,,,,,,,,,,32,60,45,,,27,,,
,,687,errliu,163,4,,20,46,,,42,55,,,,,,,,,,,,
,,688,AnBeLi3v4bLe,162,14,20,20,3,1,1,12,27,6,5,4,22,19,20,,,,,22,
,,689,Dumnac,161,9,,26,22,20,6,30,30,6,12,,,,,,,,,15,
,,690,DBaker17,160,9,65,1,10,20,3,,,,,6,19,17,20,,,,,,
,,690,Ruudi,160,2,140,,20,,,,,,,,,,,,,,,,
,,692,Peaceminusone,159,7,,,27,26,20,30,30,6,20,,,,,,,,,,
,,693,Dunketelin,158,9,20,22,20,6,20,,,,,22,20,17,17,,,,,,
,,693,Vortex1612,158,4,20,,,,20,,,,,,,48,70,,,,,,
,,695,Drizzt84,156,5,80,23,20,10,23,,,,,,,,,,,,,,
,,695,Kruch,156,12,45,6,22,20,3,,,5,5,4,17,19,17,,10,,,,
,,695,creamyalfredo,156,5,,20,23,30,,,,,,,38,45,,,,,,,
,,695,Larsusvonundzu,156,10,,22,23,26,20,,,6,20,11,,,6,,10,,,24,
,,699,ShPini,155,4,,,,,,,,30,49,,,32,44,,,,,,
,,700,KTMatthews,152,9,45,,,,,6,12,6,5,19,22,22,20,,,,,,
,,700,Tasso,152,7,,10,26,30,46,12,,,20,,,,8,,,,,,
,,702,sbaro,151,6,75,22,20,,,20,,,,,,,,,10,,,4,
,,702,Izio,151,9,20,20,6,20,3,,,,,20,25,20,20,,,,,,
,,704,lfrantisek,150,2,140,,,,,,,,,,,,,10,,,,,
,,704,GangwonTeacher,150,2,140,,,,,,,,,,,,,,10,,,,
,,704,Urist,150,6,75,,,,,,20,27,6,,,,,,10,,12,,
,,704,Icarium,150,14,55,3,1,6,20,6,5,5,5,17,4,19,17,,10,,,,
,,704,Darek79,150,4,80,,6,34,30,,,,,,,,,,,,,,
,,704,Bad_Horse,150,1,,,,,,,,,,,,,150,,,,,,
,,704,SwaulgustusCaesar,150,1,,,,,,,,,,,,,150,,,,,,
,,711,KorXo,148,6,20,,,,,30,27,5,,38,28,,,,,,,,
,,711,Evron,148,5,,,,34,,30,,,,,,,,,40,,15,29,
,,711,Samantho,148,12,55,1,3,20,1,5,5,5,5,22,17,19,,,,,,,
,,711,WraightCZ,148,13,20,20,6,20,1,6,5,5,12,20,17,17,22,,,,,,
,,715,Jmstoic,147,8,,1,10,30,20,,,,,,30,32,19,,,,5,,
,,716,Igelkotten,146,5,55,,,,,,,,,27,20,22,22,,,,,,
,,717,happyboykt,145,3,75,30,,,,,,,,,,,,,40,,,,
,,717,buttoxide,145,3,,46,52,47,,,,,,,,,,,,,,,
,,717,putih,145,3,,,,,,,,,,,38,52,55,,,,,,
,,720,Frygian,144,4,75,26,23,20,,,,,,,,,,,,,,,
,,720,joecackler,144,5,,,,,,,,,,25,32,30,38,,,,19,,
,,720,Maximus1992,144,3,,,,,,,,30,76,,,,38,,,,,,
,,723,Nicks,142,4,,46,40,26,30,,,,,,,,,,,,,,
,,723,BGTigger,142,5,55,,,,,,,,,25,23,20,19,,,,,,
,,723,sms18004,142,4,,,,,,,,,,28,32,38,44,,,,,,
,,723,Silvester,142,3,,,,,,,,,,,,38,39,,,,65,,
,,727,MoxNox,141,5,,,,30,34,,30,27,20,,,,,,,,,,
,,727,Gubbstyv,141,4,,,,,,,,30,27,,,32,52,,,,,,
,,729,redyredy123,140,1,140,,,,,,,,,,,,,,,,,,
,,729,Bulten,140,1,140,,,,,,,,,,,,,,,,,,
,,729,M-L-E,140,1,140,,,,,,,,,,,,,,,,,,
,,729,Musan,140,1,140,,,,,,,,,,,,,,,,,,
,,729,fugg,140,2,130,,,,,,,,,,,,,,10,,,,
,,729,mushan,140,2,130,,,,,,,,,,,,,,10,,,,
,,729,Prautim,140,1,140,,,,,,,,,,,,,,,,,,
,,729,PyBel,140,1,140,,,,,,,,,,,,,,,,,,
,,729,vivimaster,140,1,140,,,,,,,,,,,,,,,,,,
,,729,AaronGreen,140,1,140,,,,,,,,,,,,,,,,,,
,,729,Giledon,140,1,140,,,,,,,,,,,,,,,,,,
,,729,NateH,140,1,140,,,,,,,,,,,,,,,,,,
,,729,K1N9,140,1,140,,,,,,,,,,,,,,,,,,
,,729,DVDripXvid,140,1,140,,,,,,,,,,,,,,,,,,
,,729,DonutRapist,140,1,140,,,,,,,,,,,,,,,,,,
,,729,cs2376jr,140,1,140,,,,,,,,,,,,,,,,,,
,,729,lukejones82,140,1,140,,,,,,,,,,,,,,,,,,
,,729,LaDfBC,140,1,140,,,,,,,,,,,,,,,,,,
,,747,Melon6688,139,7,45,10,26,23,22,5,,,,,,,,,,,,8,
,,748,Ragnard,138,5,75,10,26,22,,5,,,,,,,,,,,,,
,,748,Slender,138,2,,,,46,92,,,,,,,,,,,,,,
,,750,kalev,137,7,,23,22,,,27,20,,,20,19,,,,,,,6,
,,750,Franzy,137,5,55,,,,,,,,,20,17,25,20,,,,,,
,,752,dmhalford,136,5,45,20,15,30,26,,,,,,,,,,,,,,
,,752,sirlenon,136,5,55,,,,,,,,,20,19,17,25,,,,,,
,,752,Olunia,136,7,,,,20,23,,6,20,27,,,20,20,,,,,,
,,755,lcj,135,2,,,,,,,,,,75,,60,,,,,,,
,,755,JS619,135,14,45,3,1,10,22,6,5,5,5,2,2,17,20,,10,,,,
,,755,pote,135,3,,,,,,,30,56,49,,,,,,,,,,
,,758,peppe76,134,5,65,23,20,6,20,,,,,,,,,,,,,,
,,759,SnowGolem,133,9,45,3,10,20,,6,5,5,,22,20,,,,,,,,
,,760,Nepgear,132,3,,,,,,,,,,52,70,,,10,,,,,
,,760,Hashlerka,132,5,75,,,,,6,12,27,12,,,,,,,,,,
,,760,Krex,132,6,,,,20,26,,,12,30,,,22,22,,,,,,
,,763,MikeyLear,130,1,130,,,,,,,,,,,,,,,,,,
,,763,Helen-the-great,130,3,75,,,,,,,,,45,,,,10,,,,,
,,763,JakubZGandalfova,130,7,55,,,,,,5,5,,11,20,20,,,,,,14,
,,763,beny85,130,5,80,,,,20,,,5,5,,,20,,,,,,,
,,763,t0mk0t,130,1,130,,,,,,,,,,,,,,,,,,
,,763,SnailZane,130,1,130,,,,,,,,,,,,,,,,,,
,,763,Berfner,130,1,130,,,,,,,,,,,,,,,,,,
,,763,Naleenae,130,1,130,,,,,,,,,,,,,,,,,,
,,763,HealingAura,130,1,130,,,,,,,,,,,,,,,,,,
,,763,Elpiereo,130,1,130,,,,,,,,,,,,,,,,,,
,,763,ugglor,130,1,130,,,,,,,,,,,,,,,,,,
,,763,sillysheep,130,1,130,,,,,,,,,,,,,,,,,,
,,763,Palace,130,1,130,,,,,,,,,,,,,,,,,,
,,763,Linsage,130,1,130,,,,,,,,,,,,,,,,,,
,,763,ycl,130,1,130,,,,,,,,,,,,,,,,,,
,,763,GBH_Grzegorz,130,1,130,,,,,,,,,,,,,,,,,,
,,763,DayWalker1337,130,1,130,,,,,,,,,,,,,,,,,,
,,763,Kharny,130,1,130,,,,,,,,,,,,,,,,,,
,,763,SvenSvift,130,1,130,,,,,,,,,,,,,,,,,,
,,763,Antigua,130,1,130,,,,,,,,,,,,,,,,,,
,,763,Limubai,130,1,130,,,,,,,,,,,,,,,,,,
,,763,Taeybae,130,1,130,,,,,,,,,,,,,,,,,,
,,763,Shergar,130,1,130,,,,,,,,,,,,,,,,,,
,,763,santhosh163,130,2,95,,,,,,,,35,,,,,,,,,,
,,787,Ti-Guy_Latour,129,4,,34,26,23,46,,,,,,,,,,,,,,
,,787,loMucho,129,4,,,,27,40,,,20,42,,,,,,,,,,
,,789,madrabbit,128,2,,59,69,,,,,,,,,,,,,,,,
,,789,northlynx,128,3,,,,27,69,,,,,,,,32,,,,,,
,,791,Masterchief,127,2,95,,,,,,,,,32,,,,,,,,,
,,791,Limdul1988,127,6,20,23,23,26,23,12,,,,,,,,,,,,,
,,791,Bonneville22,127,6,45,,,,,,,,,17,8,25,22,,10,,,,
,,794,kuzmich,125,3,75,20,,,,,,,,30,,,,,,,,,
,,794,Lodon,125,3,,,,,,,,,,,20,,,,100,,,5,
,,794,vyvy,125,9,55,20,6,20,6,6,5,6,6,,,,,,,,,,
,,794,stefano-prof,125,4,,30,26,23,46,,,,,,,,,,,,,,
,,794,bobaboba,125,2,,,,,95,,,,30,,,,,,,,,,
,,799,mindphaser,123,6,45,20,6,,,,,,,22,20,,,,,,,10,
,,800,LadyValaria,122,8,55,,,,,5,6,5,,17,2,19,,,,,,13,
,,800,Hardco,122,2,95,,,,,,,,,,,,,,,,,27,
,,800,Merclaw,122,5,75,,,,,,,,,1,6,20,20,,,,,,
,,803,DonRaphon,121,5,20,34,22,,,,,,,35,,,,10,,,,,
,,803,Nopeasuoli,121,4,55,,,,,,,,,21,20,25,,,,,,,
,,803,Rob51,121,8,,10,20,3,3,,,,,20,20,25,20,,,,,,
,,803,Brickmarck,121,3,65,,,30,26,,,,,,,,,,,,,,
,,803,Hotti180,121,3,,,,,15,,,30,76,,,,,,,,,,
,,808,SullyWully,120,5,45,,,,,,,,,19,19,17,20,,,,,,
,,809,pj79,118,5,55,,,,,,,,,17,6,20,20,,,,,,
,,810,Bonobours,117,7,,,,,,6,12,,,25,23,19,,,10,,,22,
,,810,Jaja,117,5,45,,,,,6,6,30,30,,,,,,,,,,
,,812,EmiratesOfHacan,116,4,,30,34,30,22,,,,,,,,,,,,,,
,,812,Ratsia,116,2,75,,,,,,,,,,,,,,,,,41,
,,812,Tonino,116,8,45,20,,,20,5,6,5,5,,,,,,10,,,,
,,815,Numsy71,115,1,115,,,,,,,,,,,,,,,,,,
,,815,riccccc,115,1,115,,,,,,,,,,,,,,,,,,
,,815,BemuthBambai,115,1,115,,,,,,,,,,,,,,,,,,
,,815,Robster,115,1,115,,,,,,,,,,,,,,,,,,
,,815,keizerCarel,115,1,115,,,,,,,,,,,,,,,,,,
,,815,Asbestos,115,1,115,,,,,,,,,,,,,,,,,,
,,815,maumastoks,115,1,115,,,,,,,,,,,,,,,,,,
,,815,NoswordKnight,115,1,115,,,,,,,,,,,,,,,,,,
,,815,Borman,115,1,115,,,,,,,,,,,,,,,,,,
,,815,Haubentaucherwelpe,115,1,115,,,,,,,,,,,,,,,,,,
,,815,Ilidur,115,1,115,,,,,,,,,,,,,,,,,,
,,815,HomerJr,115,1,115,,,,,,,,,,,,,,,,,,
,,815,_sleepwalker,115,1,115,,,,,,,,,,,,,,,,,,
,,815,Naval,115,1,115,,,,,,,,,,,,,,,,,,
,,815,Biancus,115,1,115,,,,,,,,,,,,,,,,,,
,,815,pepikos,115,1,115,,,,,,,,,,,,,,,,,,
,,815,GamesClaw,115,3,65,,,,,,,,,25,25,,,,,,,,
,,815,justinkejs,115,1,115,,,,,,,,,,,,,,,,,,
,,815,Mensha,115,1,115,,,,,,,,,,,,,,,,,,
,,815,JamesH,115,1,115,,,,,,,,,,,,,,,,,,
,,815,J-Dawg,115,1,115,,,,,,,,,,,,,,,,,,
,,815,Z-man,115,1,115,,,,,,,,,,,,,,,,,,
,,815,kingslayer90,115,1,115,,,,,,,,,,,,,,,,,,
,,815,Scipio1126,115,1,115,,,,,,,,,,,,,,,,,,
,,815,Damien.X,115,1,115,,,,,,,,,,,,,,,,,,
,,815,Leeech,115,1,115,,,,,,,,,,,,,,,,,,
,,815,Luludumm,115,1,115,,,,,,,,,,,,,,,,,,
,,815,Rzheng4,115,1,115,,,,,,,,,,,,,,,,,,
,,815,Bull3,115,1,115,,,,,,,,,,,,,,,,,,
,,815,Redgood,115,1,115,,,,,,,,,,,,,,,,,,
,,815,StarLakeGuy,115,1,115,,,,,,,,,,,,,,,,,,
,,815,Mrzout,115,1,115,,,,,,,,,,,,,,,,,,
,,815,extrmn8r,115,1,115,,,,,,,,,,,,,,,,,,
,,815,Rackare,115,1,115,,,,,,,,,,,,,,,,,,
,,815,mugumagu,115,1,115,,,,,,,,,,,,,,,,,,
,,850,King.I.T.North,114,3,,,,,,30,,,,39,,,,45,,,,,
,,850,Revan,114,4,55,,,,,,12,27,20,,,,,,,,,,
,,852,Seppel,112,4,,,,,,35,35,30,12,,,,,,,,,,
,,852,McNeil,112,3,65,,,,,12,35,,,,,,,,,,,,
,,854,smollov,111,3,,,,,,,,,,70,,,,25,,,16,,
,,854,MartinCZE,111,4,65,6,20,20,,,,,,,,,,,,,,,
,,854,Ivan04,111,4,65,1,,,23,,,,,,,22,,,,,,,
,,857,Alistxi,110,2,20,,,,,,,,,,,,,90,,,,,
,,858,Sopelek,109,5,45,,,,,,,,,17,11,17,19,,,,,,
,,858,gaitimes,109,2,,,,,,,,,,,,,,,40,69,,,
,,860,Minde,108,3,,46,40,22,,,,,,,,,,,,,,,
,,860,nicg,108,2,95,,,,,,,,,,,,,,,13,,,
,,862,gutibudoka,107,5,45,,,,,,,,,6,19,20,17,,,,,,
,,862,VladBenez,107,8,45,,,,,5,5,5,6,6,25,,,,10,,,,
,,862,Wombelbat,107,6,,,10,20,22,5,,20,30,,,,,,,,,,
,,865,Frabac,106,11,45,1,1,3,20,5,5,6,5,17,2,,,,,,,,
,,865,johnboy,106,5,20,,,,,,,,,28,19,22,17,,,,,,
,,867,Mammaklaskern,105,5,,,15,20,26,,,,,,,25,19,,,,,,
,,868,Francis88,104,4,,30,20,,,35,,,,19,,,,,,,,,
,,869,aloci,103,3,,,,,,35,,,,28,,,,,40,,,,
,,870,minzent,102,4,80,,,,,,12,5,5,,,,,,,,,,
,,871,Archangel,101,6,,,,,,,,12,12,11,25,19,22,,,,,,
,,872,Nitrosaurus24,100,5,20,,,,,,,,,21,20,19,20,,,,,,
,,872,Sawell,100,3,,,,,,,,20,42,,,,38,,,,,,
,,874,bambi4,99,4,45,26,22,,,6,,,,,,,,,,,,,
,,874,vratia,99,9,45,20,1,3,10,5,6,5,5,,,,,,,,,,
,,874,OodOok,99,5,,,15,23,22,,,,,,,19,20,,,,,,
,,874,Banderjax,99,3,,,27,26,46,,,,,,,,,,,,,,
,,878,Rebel_Rebs,98,8,,,,,,5,5,6,5,22,19,19,17,,,,,,
,,878,Hampsink,98,5,55,,,,,,,,,2,4,17,20,,,,,,
,,878,Igordol,98,5,20,,1,,,,20,30,27,,,,,,,,,,
,,878,Saph4ir,98,9,,3,1,3,22,,,,,4,19,20,17,,10,,,,
,,878,Noa1,98,2,,,,,,,,,,,,38,60,,,,,,
,,878,sTeVej,98,2,,,,,,,,,,,,38,60,,,,,,
,,878,xiaoduan,98,2,,,,,,,,,,,,38,60,,,,,,
,,885,Panxo,97,5,20,,,,,5,12,30,30,,,,,,,,,,
,,886,daices,96,3,75,1,,,,,,,20,,,,,,,,,,
,,886,Vinny6060,96,4,,30,20,23,23,,,,,,,,,,,,,,
,,886,Redda,96,9,,,,,,5,5,6,6,19,17,17,17,,,,,9,
,,889,BradSwan,95,2,,46,,,,49,,,,,,,,,,,,,
,,889,BureRF,95,1,95,,,,,,,,,,,,,,,,,,
,,889,Slavica,95,1,95,,,,,,,,,,,,,,,,,,
,,889,Serena,95,1,95,,,,,,,,,,,,,,,,,,
,,889,barda,95,2,75,20,,,,,,,,,,,,,,,,,
,,889,sorpy,95,1,95,,,,,,,,,,,,,,,,,,
,,889,CoxCz,95,1,95,,,,,,,,,,,,,,,,,,
,,889,Royalhawk,95,1,95,,,,,,,,,,,,,,,,,,
,,889,Voidray,95,1,95,,,,,,,,,,,,,,,,,,
,,889,CardinalBadger,95,1,95,,,,,,,,,,,,,,,,,,
,,889,Pika07,95,1,95,,,,,,,,,,,,,,,,,,
,,889,FunkcniPC,95,1,95,,,,,,,,,,,,,,,,,,
,,889,Cyrus_j2s,95,1,95,,,,,,,,,,,,,,,,,,
,,889,Spriteule,95,1,95,,,,,,,,,,,,,,,,,,
,,889,Gurhuntar,95,1,95,,,,,,,,,,,,,,,,,,
,,889,uday,95,1,95,,,,,,,,,,,,,,,,,,
,,889,LeonardoDaVinci016,95,1,95,,,,,,,,,,,,,,,,,,
,,889,gego,95,1,95,,,,,,,,,,,,,,,,,,
,,889,Pants101,95,1,95,,,,,,,,,,,,,,,,,,
,,889,baralex,95,1,95,,,,,,,,,,,,,,,,,,
,,889,Makt,95,1,95,,,,,,,,,,,,,,,,,,
,,889,Serenicus,95,1,95,,,,,,,,,,,,,,,,,,
,,889,Skatanic,95,1,95,,,,,,,,,,,,,,,,,,
,,889,HotShot53,95,1,95,,,,,,,,,,,,,,,,,,
,,889,srapi,95,1,95,,,,,,,,,,,,,,,,,,
,,889,exender,95,1,95,,,,,,,,,,,,,,,,,,
,,889,figs,95,1,95,,,,,,,,,,,,,,,,,,
,,889,SteffenViisdom,95,1,95,,,,,,,,,,,,,,,,,,
,,889,Minik,95,1,95,,,,,,,,,,,,,,,,,,
,,889,Brett13,95,1,95,,,,,,,,,,,,,,,,,,
,,889,Ranior,95,1,95,,,,,,,,,,,,,,,,,,
,,889,LudoH,95,1,95,,,,,,,,,,,,,,,,,,
,,889,Kayser,95,1,95,,,,,,,,,,,,,,,,,,
,,889,EvgenyRazinkov,95,1,95,,,,,,,,,,,,,,,,,,
,,889,Sebix,95,1,95,,,,,,,,,,,,,,,,,,
,,889,CountFab,95,1,95,,,,,,,,,,,,,,,,,,
,,889,LordBC,95,1,95,,,,,,,,,,,,,,,,,,
,,889,JakPut,95,1,95,,,,,,,,,,,,,,,,,,
,,927,Peperinni,94,2,80,,,,,,,,,,,,,,,,,14,
,,927,DrWhom,94,3,,,,,,,,,,,28,39,27,,,,,,
,,929,Jurri,93,4,,,,,,20,,,,15,28,30,,,,,,,
,,929,kopu,93,4,,27,34,,,20,,,12,,,,,,,,,,
,,929,Amitke,93,2,,,,,,,,,,,,48,45,,,,,,
,,929,rrobby,93,4,,,,26,20,,,20,27,,,,,,,,,,
,,933,FrancoisFerdinand,91,4,,34,20,15,22,,,,,,,,,,,,,,
,,934,qige,90,2,80,,,,,,,,,,,,,,10,,,,
,,934,MrTriangle,90,1,,,,,,,,,,,,,,90,,,,,
,,934,FireBones,90,3,,,,,,,,,30,,,32,28,,,,,,
,,937,broskiumenyiora,89,2,80,,,,,,,,,,,,,,,,9,,
,,937,Moskbnea,89,10,20,,,,,6,5,5,5,1,1,19,19,,10,,,,
,,939,Martin2021,88,2,65,23,,,,,,,,,,,,,,,,,
,,940,botenmaru82,87,2,65,,,,,,,,,22,,,,,,,,,
,,940,rustylantern,87,3,,,,,15,,,30,42,,,,,,,,,,
,,940,snakilan,87,2,,,,,27,,,,,,,,60,,,,,,
,,943,Torneedo,86,2,80,,,,,,,,,,,,,,,,,6,
,,943,MattM,86,3,20,,20,46,,,,,,,,,,,,,,,
,,943,Kartek,86,4,55,,,,6,,,5,20,,,,,,,,,,
,,946,demainlesdauphins,85,2,75,,,,,,,,,,,,,,10,,,,
,,946,fli_pao,85,2,75,,,,,,,,,,,,,,10,,,,
,,946,gulper,85,2,65,,,,20,,,,,,,,,,,,,,
,,946,chen.,85,2,75,,,,,,,,,,,,,,10,,,,
,,946,Horsard,85,2,75,,,,,,,,,,,,,,10,,,,
,,946,Xxyu,85,2,75,,,,,,,,,,,,,,10,,,,
,,946,StefanGreatFirst,85,4,,,15,20,,20,30,,,,,,,,,,,,
,,946,Happykitten,85,3,45,,,20,20,,,,,,,,,,,,,,
,,946,SteelKitten,85,2,,,,,,,,30,55,,,,,,,,,,
,,955,Geegs,84,4,45,,,,,27,6,6,,,,,,,,,,,
,,955,Gympanse,84,5,,,,10,22,,,20,30,,,,2,,,,,,
,,957,Tandeta,83,2,,,,,,,,,,44,39,,,,,,,,
,,957,W1TCH0R,83,2,,,,,27,,,,56,,,,,,,,,,
,,959,DeZet,82,3,55,22,,,,5,,,,,,,,,,,,,
,,959,Jived,82,2,65,,,,,,,,,17,,,,,,,,,
,,959,yezebel,82,3,,,,,,20,35,27,,,,,,,,,,,
,,959,Sophia,82,3,,,,,10,,,42,30,,,,,,,,,,
,,959,Faeyon,82,3,,,,,20,,,20,42,,,,,,,,,,
,,959,sergilicious,82,2,,,,,,,,,30,,,,52,,,,,,
,,965,ChrisTher,80,1,,80,,,,,,,,,,,,,,,,,
,,965,Iosefvs,80,1,80,,,,,,,,,,,,,,,,,,
,,965,Tim248,80,2,,,,,,,,,,32,,,,,,,,48,
,,965,The_Law,80,1,80,,,,,,,,,,,,,,,,,,
,,965,Tmer,80,1,80,,,,,,,,,,,,,,,,,,
,,965,Enas,80,1,80,,,,,,,,,,,,,,,,,,
,,965,Rockoccodrillo,80,1,80,,,,,,,,,,,,,,,,,,
,,965,Rajasands,80,1,80,,,,,,,,,,,,,,,,,,
,,965,shiro0405,80,1,80,,,,,,,,,,,,,,,,,,
,,965,ZRoronoaZ,80,1,80,,,,,,,,,,,,,,,,,,
,,965,Metz63,80,1,80,,,,,,,,,,,,,,,,,,
,,965,Mikeski,80,1,80,,,,,,,,,,,,,,,,,,
,,965,Gerti,80,1,80,,,,,,,,,,,,,,,,,,
,,965,Medicus,80,1,80,,,,,,,,,,,,,,,,,,
,,965,yhw,80,1,80,,,,,,,,,,,,,,,,,,
,,965,Valsim,80,1,80,,,,,,,,,,,,,,,,,,
,,965,Metil,80,1,80,,,,,,,,,,,,,,,,,,
,,965,Vyzvejkanec,80,1,80,,,,,,,,,,,,,,,,,,
,,965,CrAzian18,80,1,80,,,,,,,,,,,,,,,,,,
,,965,pandaczar,80,1,80,,,,,,,,,,,,,,,,,,
,,965,2da6,80,1,80,,,,,,,,,,,,,,,,,,
,,965,KYO,80,1,80,,,,,,,,,,,,,,,,,,
,,965,UNICOKRATOS,80,1,80,,,,,,,,,,,,,,,,,,
,,965,TopDog,80,1,80,,,,,,,,,,,,,,,,,,
,,965,Otto_von_Bismarck,80,1,80,,,,,,,,,,,,,,,,,,
,,965,boonio88,80,1,80,,,,,,,,,,,,,,,,,,
,,965,Entername,80,1,80,,,,,,,,,,,,,,,,,,
,,965,ZesPak,80,1,80,,,,,,,,,,,,,,,,,,
,,965,flo3,80,1,80,,,,,,,,,,,,,,,,,,
,,965,razorsedger,80,1,80,,,,,,,,,,,,,,,,,,
,,965,hhahanext,80,1,80,,,,,,,,,,,,,,,,,,
,,965,Nanu,80,1,80,,,,,,,,,,,,,,,,,,
,,965,dburstin,80,1,80,,,,,,,,,,,,,,,,,,
,,965,Garhett,80,1,80,,,,,,,,,,,,,,,,,,
,,965,seyedempire,80,1,80,,,,,,,,,,,,,,,,,,
,,965,DanReyLop,80,1,80,,,,,,,,,,,,,,,,,,
,,965,fridaK,80,1,80,,,,,,,,,,,,,,,,,,
,,965,runningnemo,80,1,80,,,,,,,,,,,,,,,,,,
,,965,flacoforro,80,1,80,,,,,,,,,,,,,,,,,,
,,965,clickk,80,1,80,,,,,,,,,,,,,,,,,,
,,965,JohnDavie,80,1,80,,,,,,,,,,,,,,,,,,
,,965,Vali1590,80,1,80,,,,,,,,,,,,,,,,,,
,,965,Alebv,80,1,80,,,,,,,,,,,,,,,,,,
,,965,ginociccio,80,1,80,,,,,,,,,,,,,,,,,,
,,965,N0rBeer,80,1,80,,,,,,,,,,,,,,,,,,
,,965,JBloodski,80,1,80,,,,,,,,,,,,,,,,,,
,,965,Rhand,80,1,80,,,,,,,,,,,,,,,,,,
,,965,donperizoma,80,1,80,,,,,,,,,,,,,,,,,,
,,965,LMH,80,1,80,,,,,,,,,,,,,,,,,,
,,965,Mikael.S,80,1,80,,,,,,,,,,,,,,,,,,
,,965,nchenche,80,1,80,,,,,,,,,,,,,,,,,,
,,965,Gustavus_Adolphus,80,1,80,,,,,,,,,,,,,,,,,,
,,965,Stedam,80,1,80,,,,,,,,,,,,,,,,,,
,,965,KMMAL,80,3,,,,20,22,,,,,,,38,,,,,,,
,,1019,Suddoman,79,5,,23,20,6,20,,,,,,,,,,10,,,,
,,1020,Jocik,78,3,55,,,,,,,,,17,6,,,,,,,,
,,1020,Abuceb,78,3,55,3,,,,,,,,,,,,,,,,20,
,,1020,NovusIgnis,78,4,20,1,,,,30,,27,,,,,,,,,,,
,,1020,condemor,78,2,,,,,,,,,30,,,,48,,,,,,
,,1024,FabioBE81,77,6,55,1,,,,6,5,5,5,,,,,,,,,,
,,1025,Conzi,76,3,,,,,6,,,,,,,38,32,,,,,,
,,1026,Noash,75,1,75,,,,,,,,,,,,,,,,,,
,,1026,FooledTwice,75,1,75,,,,,,,,,,,,,,,,,,
,,1026,Andrew_Davidson,75,1,75,,,,,,,,,,,,,,,,,,
,,1026,maffoffo,75,2,65,,,,,,,,,,,,,,10,,,,
,,1026,GrafZahl,75,1,75,,,,,,,,,,,,,,,,,,
,,1026,Draculade,75,1,75,,,,,,,,,,,,,,,,,,
,,1026,Etherealz,75,2,65,,,,,,,,,,,,,,10,,,,
,,1026,Xsn,75,1,75,,,,,,,,,,,,,,,,,,
,,1026,Olivier000,75,1,75,,,,,,,,,,,,,,,,,,
,,1026,Bulb,75,1,75,,,,,,,,,,,,,,,,,,
,,1026,dim,75,1,75,,,,,,,,,,,,,,,,,,
,,1026,KapitanTom,75,2,65,,,,,,,,,,,,,,10,,,,
,,1026,dannymcbride,75,1,75,,,,,,,,,,,,,,,,,,
,,1026,Oso,75,1,75,,,,,,,,,,,,,,,,,,
,,1026,Sonalator,75,1,75,,,,,,,,,,,,,,,,,,
,,1026,Paracelso,75,1,75,,,,,,,,,,,,,,,,,,
,,1026,Klakla92th,75,1,75,,,,,,,,,,,,,,,,,,
,,1026,Levia,75,1,75,,,,,,,,,,,,,,,,,,
,,1026,Arinmir,75,1,75,,,,,,,,,,,,,,,,,,
,,1026,Bromios,75,1,75,,,,,,,,,,,,,,,,,,
,,1026,kwojtasz,75,1,75,,,,,,,,,,,,,,,,,,
,,1026,dulbbong,75,1,75,,,,,,,,,,,,,,,,,,
,,1026,Zathio,75,1,75,,,,,,,,,,,,,,,,,,
,,1026,NapoleonB,75,1,75,,,,,,,,,,,,,,,,,,
,,1026,florian629,75,1,75,,,,,,,,,,,,,,,,,,
,,1026,Midyat,75,1,75,,,,,,,,,,,,,,,,,,
,,1026,samgreco,75,1,75,,,,,,,,,,,,,,,,,,
,,1026,Bravo,75,1,75,,,,,,,,,,,,,,,,,,
,,1026,traskmania,75,1,75,,,,,,,,,,,,,,,,,,
,,1026,Tuisku,75,1,75,,,,,,,,,,,,,,,,,,
,,1026,Oranim,75,1,75,,,,,,,,,,,,,,,,,,
,,1026,Kestutelis,75,1,75,,,,,,,,,,,,,,,,,,
,,1026,erlikhan,75,1,75,,,,,,,,,,,,,,,,,,
,,1026,TheCenturion,75,1,75,,,,,,,,,,,,,,,,,,
,,1026,Repick,75,1,75,,,,,,,,,,,,,,,,,,
,,1026,PhamNuwen,75,1,75,,,,,,,,,,,,,,,,,,
,,1026,Aardwolf44,75,1,75,,,,,,,,,,,,,,,,,,
,,1026,Azerbaperro,75,1,75,,,,,,,,,,,,,,,,,,
,,1026,honne,75,1,75,,,,,,,,,,,,,,,,,,
,,1026,HeM99,75,1,75,,,,,,,,,,,,,,,,,,
,,1026,Rgjensen,75,1,75,,,,,,,,,,,,,,,,,,
,,1026,Kermitoos,75,1,75,,,,,,,,,,,,,,,,,,
,,1026,Opi,75,1,75,,,,,,,,,,,,,,,,,,
,,1026,HerrBu,75,1,75,,,,,,,,,,,,,,,,,,
,,1026,colepiechotta,75,1,75,,,,,,,,,,,,,,,,,,
,,1026,cardboard,75,1,75,,,,,,,,,,,,,,,,,,
,,1026,LinhVu,75,1,75,,,,,,,,,,,,,,,,,,
,,1026,BillyPilgrim,75,1,75,,,,,,,,,,,,,,,,,,
,,1026,thegruffalo,75,1,75,,,,,,,,,,,,,,,,,,
,,1026,JJsDad,75,1,75,,,,,,,,,,,,,,,,,,
,,1026,Chroso,75,1,75,,,,,,,,,,,,,,,,,,
,,1026,Prince2B,75,1,75,,,,,,,,,,,,,,,,,,
,,1026,ouTlier,75,1,75,,,,,,,,,,,,,,,,,,
,,1026,deandedean,75,1,75,,,,,,,,,,,,,,,,,,
,,1026,DDD_D,75,1,75,,,,,,,,,,,,,,,,,,
,,1026,Olympia,75,1,75,,,,,,,,,,,,,,,,,,
,,1026,J0hnny_Utah7,75,1,75,,,,,,,,,,,,,,,,,,
,,1026,Smilzo,75,1,75,,,,,,,,,,,,,,,,,,
,,1026,Voras,75,1,75,,,,,,,,,,,,,,,,,,
,,1026,Zero_1627,75,1,75,,,,,,,,,,,,,,,,,,
,,1026,Raasay,75,1,75,,,,,,,,,,,,,,,,,,
,,1026,Kunizial,75,1,75,,,,,,,,,,,,,,,,,,
,,1026,DPRK,75,1,75,,,,,,,,,,,,,,,,,,
,,1026,CainsAngel,75,1,75,,,,,,,,,,,,,,,,,,
,,1026,rofler31337,75,1,75,,,,,,,,,,,,,,,,,,
,,1026,ekatar,75,1,75,,,,,,,,,,,,,,,,,,
,,1026,Warpfield,75,1,75,,,,,,,,,,,,,,,,,,
,,1026,A-Raw,75,1,75,,,,,,,,,,,,,,,,,,
,,1026,rizor,75,1,75,,,,,,,,,,,,,,,,,,
,,1026,18544415,75,1,75,,,,,,,,,,,,,,,,,,
,,1026,Devran,75,1,75,,,,,,,,,,,,,,,,,,
,,1026,Perrary,75,1,75,,,,,,,,,,,,,,,,,,
,,1026,quartersmostly,75,1,75,,,,,,,,,,,,,,,,,,
,,1026,kevinsbane,75,1,,,,,,,,,,,,,75,,,,,,
,,1100,saiggo16,74,4,,,,,,,,6,12,,,28,28,,,,,,
,,1101,kzzzzzz_watch,73,2,,,,,,,,,,,,38,35,,,,,,
,,1102,thomas.h.hoff,71,4,55,,,,,5,,5,6,,,,,,,,,,
,,1102,jjk,71,2,,,,,,,,,,,,32,39,,,,,,
,,1104,ThomasM,70,4,,20,22,6,22,,,,,,,,,,,,,,
,,1104,Stefan665,70,3,20,,,,20,,,,30,,,,,,,,,,
,,1104,FrenkDeTank,70,3,,,,,27,,,,30,,,,13,,,,,,
,,1107,tiagosilva,68,3,20,22,26,,,,,,,,,,,,,,,,
,,1108,BerdBlond,66,3,45,,,,,,,,,,,,,,10,,,11,
,,1108,Romulus07,66,3,55,,,,,,5,6,,,,,,,,,,,
,,1108,mc_esher,66,2,,,,,46,,,20,,,,,,,,,,,
,,1111,Ayakonutty,65,1,65,,,,,,,,,,,,,,,,,,
,,1111,Schedar,65,1,65,,,,,,,,,,,,,,,,,,
,,1111,HansBugge,65,2,55,,,,,,,,,,,,,,10,,,,
,,1111,wahrlator,65,1,65,,,,,,,,,,,,,,,,,,
,,1111,Buiz,65,1,65,,,,,,,,,,,,,,,,,,
,,1111,Moxielle,65,1,65,,,,,,,,,,,,,,,,,,
,,1111,Korsus,65,1,65,,,,,,,,,,,,,,,,,,
,,1111,Atomtomate,65,1,65,,,,,,,,,,,,,,,,,,
,,1111,itsPG,65,1,65,,,,,,,,,,,,,,,,,,
,,1111,sausagesky,65,1,65,,,,,,,,,,,,,,,,,,
,,1111,Amarok,65,1,65,,,,,,,,,,,,,,,,,,
,,1111,salvor7,65,1,65,,,,,,,,,,,,,,,,,,
,,1111,Mirceamsc1,65,1,65,,,,,,,,,,,,,,,,,,
,,1111,Tenebrane,65,1,65,,,,,,,,,,,,,,,,,,
,,1111,Ankaru,65,1,65,,,,,,,,,,,,,,,,,,
,,1111,RobinTheDragon,65,1,65,,,,,,,,,,,,,,,,,,
,,1111,mikey1nt,65,1,65,,,,,,,,,,,,,,,,,,
,,1111,BlueCardinal,65,1,65,,,,,,,,,,,,,,,,,,
,,1111,monsieurt,65,1,65,,,,,,,,,,,,,,,,,,
,,1111,RAKoS,65,1,65,,,,,,,,,,,,,,,,,,
,,1111,Brumkalinka,65,1,65,,,,,,,,,,,,,,,,,,
,,1111,MareTheEnlightened,65,1,65,,,,,,,,,,,,,,,,,,
,,1111,Qirgi,65,1,65,,,,,,,,,,,,,,,,,,
,,1111,babaganoosh,65,1,65,,,,,,,,,,,,,,,,,,
,,1111,MikeLowrey,65,1,65,,,,,,,,,,,,,,,,,,
,,1111,SirHorse,65,1,65,,,,,,,,,,,,,,,,,,
,,1111,rem_Abaddon,65,1,65,,,,,,,,,,,,,,,,,,
,,1111,MadNut86,65,1,65,,,,,,,,,,,,,,,,,,
,,1111,pootify,65,1,65,,,,,,,,,,,,,,,,,,
,,1111,Kuti,65,1,65,,,,,,,,,,,,,,,,,,
,,1111,S.C.U.D.,65,1,65,,,,,,,,,,,,,,,,,,
,,1111,Madivar,65,1,65,,,,,,,,,,,,,,,,,,
,,1111,Scotty4s,65,1,65,,,,,,,,,,,,,,,,,,
,,1111,footjoy39,65,1,65,,,,,,,,,,,,,,,,,,
,,1111,Eduard69,65,1,65,,,,,,,,,,,,,,,,,,
,,1111,Kirian,65,1,65,,,,,,,,,,,,,,,,,,
,,1111,Raffaelus,65,1,65,,,,,,,,,,,,,,,,,,
,,1111,Wyszek,65,1,65,,,,,,,,,,,,,,,,,,
,,1111,PatPunisher,65,1,65,,,,,,,,,,,,,,,,,,
,,1111,Keyadoria,65,1,65,,,,,,,,,,,,,,,,,,
,,1111,mobeza,65,1,65,,,,,,,,,,,,,,,,,,
,,1111,Dariusz,65,1,65,,,,,,,,,,,,,,,,,,
,,1111,JimBryan,65,1,65,,,,,,,,,,,,,,,,,,
,,1154,Izayoi,63,3,,,,,,,,30,27,,,,6,,,,,,
,,1155,Micha501,61,2,55,,,,,,,,6,,,,,,,,,,
,,1156,GZ95,60,2,,,,,,,,,,,,,,,,53,7,,
,,1157,Ilyanep,59,4,,6,20,10,23,,,,,,,,,,,,,,
,,1158,HumusAmongUs,58,3,,,,,,,,12,35,,,,11,,,,,,
,,1158,Graypilgrim,58,2,,,,,,,,,20,,,,38,,,,,,
,,1160,jasondh10,57,4,,22,,,,5,,,,20,,,,,10,,,,
,,1160,Muttley444,57,2,,,,,,,,30,27,,,,,,,,,,
,,1160,Lenni010,57,2,,,,,,,,30,27,,,,,,,,,,
,,1160,MysteriousWizard,57,2,,,,,27,,,,30,,,,,,,,,,
,,1164,Nevadar,56,4,,23,,,,6,,,,17,,,,,10,,,,
,,1164,Less5,56,7,45,1,1,1,,,5,,,2,1,,,,,,,,
,,1164,Saerleon,56,1,,,,,,,,,56,,,,,,,,,,
,,1167,EKogon,55,3,,20,15,20,,,,,,,,,,,,,,,
,,1167,ctcheung,55,2,45,,,,,,,,,,,,,,10,,,,
,,1167,tongtong,55,1,55,,,,,,,,,,,,,,,,,,
,,1167,TaoTeo,55,1,55,,,,,,,,,,,,,,,,,,
,,1167,gwfalcon,55,1,55,,,,,,,,,,,,,,,,,,
,,1167,Bora_Horsa_Gobuchul,55,1,55,,,,,,,,,,,,,,,,,,
,,1167,Bruce.Twarze,55,1,55,,,,,,,,,,,,,,,,,,
,,1167,Nomade,55,1,55,,,,,,,,,,,,,,,,,,
,,1167,olawaco,55,1,55,,,,,,,,,,,,,,,,,,
,,1167,opk,55,1,55,,,,,,,,,,,,,,,,,,
,,1167,Der_Imperator,55,1,55,,,,,,,,,,,,,,,,,,
,,1167,BlackSmyth,55,1,55,,,,,,,,,,,,,,,,,,
,,1167,PeskyGekko,55,1,55,,,,,,,,,,,,,,,,,,
,,1167,kwerra,55,1,55,,,,,,,,,,,,,,,,,,
,,1167,Devonia,55,1,55,,,,,,,,,,,,,,,,,,
,,1167,Marchely,55,1,55,,,,,,,,,,,,,,,,,,
,,1167,Sabastapul,55,1,55,,,,,,,,,,,,,,,,,,
,,1167,Paajosh,55,1,55,,,,,,,,,,,,,,,,,,
,,1167,O.K.,55,1,55,,,,,,,,,,,,,,,,,,
,,1167,Friedthelt,55,1,55,,,,,,,,,,,,,,,,,,
,,1167,Serrapac,55,1,55,,,,,,,,,,,,,,,,,,
,,1167,Dolling,55,1,55,,,,,,,,,,,,,,,,,,
,,1167,Lohmann,55,1,55,,,,,,,,,,,,,,,,,,
,,1167,Trek,55,1,55,,,,,,,,,,,,,,,,,,
,,1167,Leonidas33,55,1,55,,,,,,,,,,,,,,,,,,
,,1167,Chenese,55,1,55,,,,,,,,,,,,,,,,,,
,,1167,Kecso,55,1,55,,,,,,,,,,,,,,,,,,
,,1167,kackajoni,55,1,55,,,,,,,,,,,,,,,,,,
,,1167,stanze,55,1,55,,,,,,,,,,,,,,,,,,
,,1167,PortugueseBandit,55,1,55,,,,,,,,,,,,,,,,,,
,,1167,maurice986,55,1,55,,,,,,,,,,,,,,,,,,
,,1167,hsss,55,1,55,,,,,,,,,,,,,,,,,,
,,1167,Zielonus,55,1,55,,,,,,,,,,,,,,,,,,
,,1167,GreatKingRat78,55,1,55,,,,,,,,,,,,,,,,,,
,,1167,alban,55,1,55,,,,,,,,,,,,,,,,,,
,,1167,Warstoryteller,55,1,55,,,,,,,,,,,,,,,,,,
,,1167,Donkeroo,55,1,55,,,,,,,,,,,,,,,,,,
,,1167,Gramadancho,55,1,55,,,,,,,,,,,,,,,,,,
,,1167,BadEagle,55,1,55,,,,,,,,,,,,,,,,,,
,,1167,mkuz18,55,1,55,,,,,,,,,,,,,,,,,,
,,1167,Mighke,55,1,55,,,,,,,,,,,,,,,,,,
,,1167,Jbob2626,55,1,55,,,,,,,,,,,,,,,,,,
,,1167,jes-terday,55,1,55,,,,,,,,,,,,,,,,,,
,,1167,Wing,55,1,55,,,,,,,,,,,,,,,,,,
,,1167,CharlieFish,55,1,55,,,,,,,,,,,,,,,,,,
,,1167,Minkus,55,1,55,,,,,,,,,,,,,,,,,,
,,1167,Patelavache,55,1,55,,,,,,,,,,,,,,,,,,
,,1167,Broens,55,1,55,,,,,,,,,,,,,,,,,,
,,1167,Execut0r,55,1,55,,,,,,,,,,,,,,,,,,
,,1167,LordMichaelDerGrosse,55,1,55,,,,,,,,,,,,,,,,,,
,,1167,OM_Para,55,1,55,,,,,,,,,,,,,,,,,,
,,1167,janbandit,55,1,55,,,,,,,,,,,,,,,,,,
,,1219,alcardonac,54,2,,26,,,,,,,,28,,,,,,,,,
,,1220,McLovinsBlueberry,52,1,,52,,,,,,,,,,,,,,,,,
,,1220,RiteInUrEye,52,1,,,,,,,,,,,,,52,,,,,,
,,1222,Batallon,50,3,20,,,,,,,,,20,,,,,10,,,,
,,1222,SpillisWillis,50,2,45,,,,,5,,,,,,,,,,,,,
,,1222,xYotsuba,50,2,,,,,20,,,,30,,,,,,,,,,
,,1225,trojanrabbit,49,3,,6,23,20,,,,,,,,,,,,,,,
,,1226,ZwzwNzw,48,1,,,,,,,,,,48,,,,,,,,,
,,1226,mria,48,1,,,,,,,,,,,,48,,,,,,,
,,1226,docpain,48,2,,,,,,,,,20,,,,28,,,,,,
,,1226,cyb3k,48,1,,,,,,,,,,,,,48,,,,,,
,,1230,Balan,45,2,,20,,,,,,,,,,,,25,,,,,
,,1230,FuManchu,45,1,45,,,,,,,,,,,,,,,,,,
,,1230,kivirowei,45,1,45,,,,,,,,,,,,,,,,,,
,,1230,Biggi86,45,1,45,,,,,,,,,,,,,,,,,,
,,1230,Tietzsche,45,1,45,,,,,,,,,,,,,,,,,,
,,1230,gusanitocruz,45,1,45,,,,,,,,,,,,,,,,,,
,,1230,Monty1979,45,1,45,,,,,,,,,,,,,,,,,,
,,1230,marcusesses1,45,1,45,,,,,,,,,,,,,,,,,,
,,1230,Rossonerix10x,45,1,45,,,,,,,,,,,,,,,,,,
,,1230,Raphi,45,1,45,,,,,,,,,,,,,,,,,,
,,1230,IngussTT,45,1,45,,,,,,,,,,,,,,,,,,
,,1230,nge,45,1,45,,,,,,,,,,,,,,,,,,
,,1230,szyszuniawiesz,45,1,45,,,,,,,,,,,,,,,,,,
,,1230,Jacko65,45,1,45,,,,,,,,,,,,,,,,,,
,,1230,Kazan,45,1,45,,,,,,,,,,,,,,,,,,
,,1230,Vlasy,45,1,45,,,,,,,,,,,,,,,,,,
,,1230,lzhon002,45,1,45,,,,,,,,,,,,,,,,,,
,,1230,schumaky,45,1,45,,,,,,,,,,,,,,,,,,
,,1230,Holtykins,45,1,45,,,,,,,,,,,,,,,,,,
,,1230,Xela1988,45,1,45,,,,,,,,,,,,,,,,,,
,,1230,Oyvind,45,1,45,,,,,,,,,,,,,,,,,,
,,1230,Jakuu,45,1,45,,,,,,,,,,,,,,,,,,
,,1230,Shalif,45,1,45,,,,,,,,,,,,,,,,,,
,,1230,toptheworld,45,1,45,,,,,,,,,,,,,,,,,,
,,1230,But,45,1,45,,,,,,,,,,,,,,,,,,
,,1230,SCN,45,1,45,,,,,,,,,,,,,,,,,,
,,1230,monorator,45,1,45,,,,,,,,,,,,,,,,,,
,,1230,pjorge,45,1,45,,,,,,,,,,,,,,,,,,
,,1230,sjgardner3,45,1,45,,,,,,,,,,,,,,,,,,
,,1230,TwoFold,45,1,45,,,,,,,,,,,,,,,,,,
,,1230,Hengoroth,45,1,45,,,,,,,,,,,,,,,,,,
,,1230,Vaibhavaiyar,45,1,45,,,,,,,,,,,,,,,,,,
,,1230,DonStealth,45,1,45,,,,,,,,,,,,,,,,,,
,,1230,KingPerun,45,1,45,,,,,,,,,,,,,,,,,,
,,1230,Igrokratiya,45,1,45,,,,,,,,,,,,,,,,,,
,,1230,SolPanda,45,1,45,,,,,,,,,,,,,,,,,,
,,1230,SwedishFish,45,1,45,,,,,,,,,,,,,,,,,,
,,1230,lengesses,45,1,45,,,,,,,,,,,,,,,,,,
,,1230,SunTiger,45,1,45,,,,,,,,,,,,,,,,,,
,,1230,JonJayJanyJanzn,45,1,45,,,,,,,,,,,,,,,,,,
,,1230,Gigot,45,1,45,,,,,,,,,,,,,,,,,,
,,1230,reddog,45,1,45,,,,,,,,,,,,,,,,,,
,,1230,Proximo,45,1,45,,,,,,,,,,,,,,,,,,
,,1230,Gelsomiina,45,1,45,,,,,,,,,,,,,,,,,,
,,1230,NicolasJavier,45,1,45,,,,,,,,,,,,,,,,,,
,,1230,KaiMorten,45,1,45,,,,,,,,,,,,,,,,,,
,,1230,kemal,45,1,45,,,,,,,,,,,,,,,,,,
,,1230,cord_red,45,1,45,,,,,,,,,,,,,,,,,,
,,1230,SpectralB4dger,45,1,45,,,,,,,,,,,,,,,,,,
,,1230,qman,45,1,45,,,,,,,,,,,,,,,,,,
,,1230,DrunkenPete,45,1,45,,,,,,,,,,,,,,,,,,
,,1230,Castanicus,45,1,45,,,,,,,,,,,,,,,,,,
,,1230,ElArchitekto,45,1,45,,,,,,,,,,,,,,,,,,
,,1230,Apriori1,45,1,45,,,,,,,,,,,,,,,,,,
,,1230,tbrofromspace,45,1,45,,,,,,,,,,,,,,,,,,
,,1230,BlueJay,45,1,45,,,,,,,,,,,,,,,,,,
,,1230,SunGodREI,45,1,45,,,,,,,,,,,,,,,,,,
,,1230,Dipac,45,1,45,,,,,,,,,,,,,,,,,,
,,1230,Ranger,45,1,45,,,,,,,,,,,,,,,,,,
,,1230,Malekith,45,1,45,,,,,,,,,,,,,,,,,,
,,1230,Durpan,45,1,45,,,,,,,,,,,,,,,,,,
,,1230,Axius9,45,1,45,,,,,,,,,,,,,,,,,,
,,1230,Alain23,45,1,45,,,,,,,,,,,,,,,,,,
,,1230,Impr,45,4,,,,,,,12,6,12,,,,15,,,,,,
,,1230,Akametsu,45,2,,,,,15,,,,30,,,,,,,,,,
,,1295,wolfcub41,44,2,,,,,,,,,12,,,,32,,,,,,
,,1296,SerBaldur,43,4,,,,,,27,6,5,,,,,,,,,,5,
,,1296,LordTheodore,43,2,,,,,,,,,30,,,,13,,,,,,
,,1298,Tyristan,42,2,,,,,,,,30,12,,,,,,,,,,
,,1298,Silmegil,42,2,,,,,,,,12,30,,,,,,,,,,
,,1300,MajorGaz,41,2,,,,,,,,,,,,22,19,,,,,,
,,1300,jdtyler7,41,3,,,,,10,,,,20,,,,11,,,,,,
,,1302,jaggl,40,1,,,,,,,,,,,,,,,40,,,,
,,1302,PandaJJ,40,1,,,,,,,,,,,,,,,40,,,,
,,1302,yangziduan,40,1,,,,,,,,,,,,,,,40,,,,
,,1302,stshow123,40,2,,,15,,,,,,,,25,,,,,,,,
,,1306,omoi,39,2,,,,,,,,,,,,20,19,,,,,,
,,1307,RDavy,38,1,,,,,,,,,,,,38,,,,,,,
,,1307,Glamdring,38,4,20,,,,6,,,6,6,,,,,,,,,,
,,1307,SafeT,38,1,,,,,,,,,,,,,38,,,,,,
,,1307,Caveman90,38,1,,,,,,,,,,,,,38,,,,,,
,,1307,KidCanuck,38,1,,,,,,,,,,,,,38,,,,,,
,,1307,xy-y,38,1,,,,,,,,,,,,,38,,,,,,
,,1313,Zazabuzao,37,2,,15,22,,,,,,,,,,,,,,,,
,,1314,Seabrook,36,4,20,3,3,,,,,,,,,,,,10,,,,
,,1315,Scottrick,33,1,,,,,,,,,,,,,,,,,33,,
,,1315,amadeo,33,2,,,,,27,,,,,,,,6,,,,,,
,,1317,GWItheUltimate,32,2,20,,,,,,12,,,,,,,,,,,,
,,1317,Sr-Manteca,32,2,,,,,,,,12,20,,,,,,,,,,
,,1317,PunchHorse,32,2,,,,,,,,12,20,,,,,,,,,,
,,1317,SirDaan,32,1,,,,,,,,,,,,,32,,,,,,
,,1317,Pavnco,32,1,,,,,,,,,,,,,32,,,,,,
,,1322,Megatron,30,1,,,,,,30,,,,,,,,,,,,,
,,1322,Rius,30,1,,,,,,,,30,,,,,,,,,,,
,,1322,LMB,30,2,,,,10,20,,,,,,,,,,,,,,
,,1322,Spudman,30,1,,,,,,,,,30,,,,,,,,,,
,,1322,Maxxxx,30,1,,,,,,,,,30,,,,,,,,,,
,,1322,scaggi,30,1,,,,,,,,,30,,,,,,,,,,
,,1328,wheelerruss,28,3,20,3,,,,5,,,,,,,,,,,,,
,,1328,Clarinachos,28,5,20,3,1,1,3,,,,,,,,,,,,,,
,,1328,LottiePreston,28,1,,,,,,,,,,,,28,,,,,,,
,,1328,ZHULIN,28,1,,,,,,,,,,,,28,,,,,,,
,,1328,saZmer,28,1,,,,,,,,,,,,,28,,,,,,
,,1328,tue2k,28,1,,,,,,,,,,,,,28,,,,,,
,,1328,Sirkopczyk,28,1,,,,,,,,,,,,,28,,,,,,
,,1335,Dani91,27,1,,,,,,27,,,,,,,,,,,,,
,,1335,araknid,27,1,,,,,,27,,,,,,,,,,,,,
,,1335,PontiusPilatus,27,1,,,27,,,,,,,,,,,,,,,,
,,1335,Paolol65,27,1,,,27,,,,,,,,,,,,,,,,
,,1335,buso1705,27,3,,,,,10,,,12,5,,,,,,,,,,
,,1340,grace,26,1,,26,,,,,,,,,,,,,,,,,
,,1340,Nymphaea,26,2,,6,20,,,,,,,,,,,,,,,,
,,1340,prozio,26,2,20,,,,,,,,6,,,,,,,,,,
,,1343,Bigsbyben,25,1,,,,,,,,,,,,,25,,,,,,
,,1344,Rickanchamun,24,4,,,,,,6,6,6,6,,,,,,,,,,
,,1345,jandaron,23,2,20,,3,,,,,,,,,,,,,,,,
,,1345,Krzolek,23,3,,,,,,,12,5,6,,,,,,,,,,
,,1347,Ms.QTPi,22,1,,,,,,,,,,22,,,,,,,,,
,,1347,Macin,22,2,,20,,,,,,,,2,,,,,,,,,
,,1347,T.KAZ3-1,22,1,,,,22,,,,,,,,,,,,,,,
,,1347,Rubberchicken,22,1,,,,,,,,,,,,22,,,,,,,
,,1347,moigaren,22,4,,,,,,6,5,6,5,,,,,,,,,,
,,1352,Frank92,21,2,,10,,,,,,,,,11,,,,,,,,
,,1353,bzburnin,20,1,20,,,,,,,,,,,,,,,,,,
,,1353,FSY,20,1,20,,,,,,,,,,,,,,,,,,
,,1353,weed14,20,1,,20,,,,,,,,,,,,,,,,,
,,1353,CuteAnn,20,1,20,,,,,,,,,,,,,,,,,,
,,1353,Thyrus,20,1,20,,,,,,,,,,,,,,,,,,
,,1353,Caracalla,20,1,20,,,,,,,,,,,,,,,,,,
,,1353,Saish,20,1,20,,,,,,,,,,,,,,,,,,
,,1353,betweenworlds,20,1,20,,,,,,,,,,,,,,,,,,
,,1353,FabioMP,20,1,20,,,,,,,,,,,,,,,,,,
,,1353,lavasija,20,1,,,,,,20,,,,,,,,,,,,,
,,1353,filgonfin,20,1,20,,,,,,,,,,,,,,,,,,
,,1353,Traumatan,20,1,20,,,,,,,,,,,,,,,,,,
,,1353,KindFortress,20,1,20,,,,,,,,,,,,,,,,,,
,,1353,noobgo,20,1,20,,,,,,,,,,,,,,,,,,
,,1353,Kvist,20,1,,,,,,20,,,,,,,,,,,,,
,,1353,matti5215,20,1,20,,,,,,,,,,,,,,,,,,
,,1353,Puren94,20,1,20,,,,,,,,,,,,,,,,,,
,,1353,BlaueElise,20,1,20,,,,,,,,,,,,,,,,,,
,,1353,Melingsguten,20,1,20,,,,,,,,,,,,,,,,,,
,,1353,cultro,20,1,20,,,,,,,,,,,,,,,,,,
,,1353,rstrack,20,1,20,,,,,,,,,,,,,,,,,,
,,1353,Msandry,20,1,20,,,,,,,,,,,,,,,,,,
,,1353,MATADORDELMAR,20,1,20,,,,,,,,,,,,,,,,,,
,,1353,mariyka,20,1,20,,,,,,,,,,,,,,,,,,
,,1353,deleted_user_9275835,20,1,20,,,,,,,,,,,,,,,,,,
,,1353,SPEEDOWAGON,20,1,20,,,,,,,,,,,,,,,,,,
,,1353,TuZhao,20,1,20,,,,,,,,,,,,,,,,,,
,,1353,Titiman,20,1,20,,,,,,,,,,,,,,,,,,
,,1353,OffDutyDad,20,1,20,,,,,,,,,,,,,,,,,,
,,1353,thebigcheese,20,1,20,,,,,,,,,,,,,,,,,,
,,1353,PennyOrange,20,1,20,,,,,,,,,,,,,,,,,,
,,1353,Kradmesor,20,1,20,,,,,,,,,,,,,,,,,,
,,1353,GAM3NURD,20,1,20,,,,,,,,,,,,,,,,,,
,,1353,denwiller,20,1,20,,,,,,,,,,,,,,,,,,
,,1353,szesophie,20,1,20,,,,,,,,,,,,,,,,,,
,,1353,pepinecko,20,1,20,,,,,,,,,,,,,,,,,,
,,1353,Monken,20,1,20,,,,,,,,,,,,,,,,,,
,,1353,Gervais,20,1,20,,,,,,,,,,,,,,,,,,
,,1353,Tapio,20,1,20,,,,,,,,,,,,,,,,,,
,,1353,KingMomo,20,1,20,,,,,,,,,,,,,,,,,,
,,1353,Jusaz,20,1,20,,,,,,,,,,,,,,,,,,
,,1353,Rasti,20,1,,,,,,,20,,,,,,,,,,,,
,,1353,JackoKun,20,1,20,,,,,,,,,,,,,,,,,,
,,1353,Levente1989,20,1,20,,,,,,,,,,,,,,,,,,
,,1353,Decontest,20,1,20,,,,,,,,,,,,,,,,,,
,,1353,madmanmatt666,20,1,20,,,,,,,,,,,,,,,,,,
,,1353,Orissai,20,1,20,,,,,,,,,,,,,,,,,,
,,1353,jimlaughs64,20,1,20,,,,,,,,,,,,,,,,,,
,,1353,Goatonhillside,20,1,20,,,,,,,,,,,,,,,,,,
,,1353,srfdevotee,20,1,20,,,,,,,,,,,,,,,,,,
,,1353,Danilo0h,20,1,20,,,,,,,,,,,,,,,,,,
,,1353,HolyOne,20,1,20,,,,,,,,,,,,,,,,,,
,,1353,Beewiz,20,1,20,,,,,,,,,,,,,,,,,,
,,1353,Majunior,20,1,20,,,,,,,,,,,,,,,,,,
,,1353,Tomek,20,1,20,,,,,,,,,,,,,,,,,,
,,1353,Zembo,20,1,20,,,,,,,,,,,,,,,,,,
,,1353,Arnekin,20,1,20,,,,,,,,,,,,,,,,,,
,,1353,jurgen18,20,1,20,,,,,,,,,,,,,,,,,,
,,1353,Sir_Sooroosh,20,1,20,,,,,,,,,,,,,,,,,,
,,1353,plamen,20,1,20,,,,,,,,,,,,,,,,,,
,,1353,S0neca_,20,1,20,,,,,,,,,,,,,,,,,,
,,1353,rachpablo182,20,1,20,,,,,,,,,,,,,,,,,,
,,1353,CaiChengzhi,20,1,20,,,,,,,,,,,,,,,,,,
,,1353,DukeofCarniola,20,1,20,,,,,,,,,,,,,,,,,,
,,1353,Kugi,20,1,20,,,,,,,,,,,,,,,,,,
,,1353,ghudbishs,20,1,20,,,,,,,,,,,,,,,,,,
,,1353,Graankoning,20,1,20,,,,,,,,,,,,,,,,,,
,,1353,Calineczkaeu,20,1,20,,,,,,,,,,,,,,,,,,
,,1353,CaveMan8683,20,1,20,,,,,,,,,,,,,,,,,,
,,1353,kamilya,20,1,20,,,,,,,,,,,,,,,,,,
,,1353,phixed,20,1,20,,,,,,,,,,,,,,,,,,
,,1353,iindianajones,20,1,20,,,,,,,,,,,,,,,,,,
,,1353,Sislar,20,1,20,,,,,,,,,,,,,,,,,,
,,1353,SumbuddyStopMe,20,1,20,,,,,,,,,,,,,,,,,,
,,1353,badoomboom,20,1,20,,,,,,,,,,,,,,,,,,
,,1353,Kaspipos,20,1,20,,,,,,,,,,,,,,,,,,
,,1353,Rikitiki,20,1,20,,,,,,,,,,,,,,,,,,
,,1353,StefanOkrzeja,20,1,20,,,,,,,,,,,,,,,,,,
,,1353,Muzerious,20,1,20,,,,,,,,,,,,,,,,,,
,,1353,CanisLupus,20,1,20,,,,,,,,,,,,,,,,,,
,,1353,Azami,20,1,20,,,,,,,,,,,,,,,,,,
,,1353,SeThLaY,20,1,20,,,,,,,,,,,,,,,,,,
,,1353,vulinhchelsea,20,1,,,,,,,,20,,,,,,,,,,,
,,1353,Ivan_A_Destructalot,20,1,,,,,,,,,,,,20,,,,,,,
,,1353,ogre44444,20,1,,,,,,,,,20,,,,,,,,,,
,,1353,Kajdi,20,1,,,,,,,,,20,,,,,,,,,,
,,1353,Tomy_hexaper,20,1,,,,,,,,,,,,,20,,,,,,
,,1353,Kivok,20,1,,,,,,,,,,,,,20,,,,,,
,,1353,vito,20,1,,,,,,,,,,,,,20,,,,,,
,,1353,NateHiggersonJR,20,1,,,,,,,,,,,,,20,,,,,,
,,1443,BuddhaBoost,19,4,,,,,1,,,5,12,,,,1,,,,,,
,,1444,jormapa,18,3,,,,6,,,,6,6,,,,,,,,,,
,,1445,Oluwatobi,17,1,,,,,,,,,,,,17,,,,,,,
,,1446,Guerrita,16,3,,,,,,6,5,5,,,,,,,,,,,
,,1446,emifon90,16,3,,,,,,,5,6,5,,,,,,,,,,
,,1446,wisteria,16,3,,,,,6,,,5,5,,,,,,,,,,
,,1449,mowangfeng,15,1,,,15,,,,,,,,,,,,,,,,
,,1449,Owen1982,15,1,,,,,15,,,,,,,,,,,,,,
,,1449,Adysian,15,1,,,,,,,,,,,,,15,,,,,,
,,1449,Marabu8,15,1,,,,,,,,,,,,,15,,,,,,
,,1453,MickeyStein,14,1,,,,,,,,,,,,,,,,,14,,
,,1454,PandaofSooth,12,1,,,,,,,,12,,,,,,,,,,,
,,1454,RougeEconomist,12,1,,,,,,,,,12,,,,,,,,,,
,,1454,Nati_1916,12,1,,,,,,,,,12,,,,,,,,,,
,,1457,NerAlgert,11,2,,,,,,,5,6,,,,,,,,,,,
,,1457,silverpaun,11,1,,,,,,,,,,,,,11,,,,,,
,,1459,Snatser,10,1,,,,,,,,,,,,,,,10,,,,
,,1459,Grandnewby,10,1,,,,,,,,,,,,,,,10,,,,
,,1459,Gaulamos,10,2,,,,,,5,5,,,,,,,,,,,,
,,1459,Airren,10,1,,,,,,,,,,,,,,,10,,,,
,,1459,Rako,10,1,,,,,,,,,,,,,,,10,,,,
,,1459,Eels,10,1,,,,,,,,,,,,,,,10,,,,
,,1459,Doddus,10,1,,10,,,,,,,,,,,,,,,,,
,,1459,ChipsChipsensen,10,,,10,,,,,,,,,,,,,,,,,
,,1459,borostar,10,,,,,,,,,,,,,,,,10,,,,
,,1459,Pietro,10,,,,,,,,,,,,,,,,10,,,,
,,1459,bink,10,,,,,,,,,,,,,,,,10,,,,
,,1459,Coef,10,,,,,,,,,,,,,,,,10,,,,
,,1459,little_hat,10,,,,,,,,,,,,,,,,10,,,,
,,1459,MateriFeneri,10,,,,,,,,,,,,,,,,10,,,,
,,1459,Vulgata,10,,,,,,,,,,,,,,,,10,,,,
,,1459,xerapim,10,,,,,,,,,,,,,,,,10,,,,
,,1459,AlkashRusanovskiy,10,,,,,,,,,,,,,,,10,,,,,
,,1459,wombats111,10,,,,,,10,,,,,,,,,,,,,,
,,1459,quirrell,10,,,,,,10,,,,,,,,,,,,,,
,,1478,Rocodo,8,,,,,,,,,,,8,,,,,,,,,
,,1478,Yeoman,8,,,,,,3,,,,5,,,,,,,,,,
,,1478,Sathran,8,,,,,,,,,,,,,,8,,,,,,
,,1481,deleted_user_8469282,6,,,,,,,6,,,,,,,,,,,,,
,,1481,NapoRules,6,,,,,,,6,,,,,,,,,,,,,
,,1481,DaddySparky,6,,,,,,1,,,5,,,,,,,,,,,
,,1481,NixonSparrow,6,,,,,,6,,,,,,,,,,,,,,
,,1481,Vojvoda_Micko,6,,,,,,,,,,6,,,,,,,,,,
,,1481,DonStino,6,,,,,,,,,,6,,,,,,,,,,
,,1481,kacavenda,6,,,,,,,,,,6,,,,,,,,,,
,,1481,anonaki,6,,,,,,,,,,,,,,6,,,,,,
,,1481,Amara,6,,,,,,,,,,,,,,6,,,,,,
,,1490,Clue72,5,,,,,,,,5,,,,,,,,,,,,
,,1490,Daliman13,5,,,,,,,,5,,,,,,,,,,,,
,,1490,Miles1,5,,,,,,,,,5,,,,,,,,,,,
,,1490,horangz,5,,,,,,,,,,5,,,,,,,,,,
,,1490,Mister_Pazel,5,,,,,,,,,,5,,,,,,,,,,
,,1495,justnomame,4,,,,,,,,,,,,,,4,,,,,,
,,1495,InGodWeTrust,4,,,,,,,,,,,,,,4,,,,,,
,,1497,K0ncept,3,,,3,,,,,,,,,,,,,,,,,
,,1497,NoJoVin,3,,,,,,3,,,,,,,,,,,,,,
,,1499,SaMatra,2,,,,,,,,,,,,,,,,,2,,,
,,1499,Podrik,2,,,,,1,1,,,,,,,,,,,,,,
,,1499,clemy,2,,,,,,,,,,,,,,2,,,,,,
,,1502,captainparadise,1,,,1,,,,,,,,,,,,,,,,,
,,1502,Dunedrain,1,,,1,,,,,,,,,,,,,,,,,
,,1502,Shuvo2406,1,,,,1,,,,,,,,,,,,,,,,
,,1502,landrew,1,,,,,1,,,,,,,,,,,,,,,
,,1502,ukrseaman,1,,,,,1,,,,,,,,,,,,,,,
,,1502,Alex2297,1,,,,,,1,,,,,,,,,,,,,,
,,1502,paul7xyz,1,,,,,,1,,,,,,,,,,,,,,