,,place,player,points,#,wrld,ic_24,ic_25,ic_26,ic_27,im_21,im_22,im_23,im_24,rl_01,rl_02,,snail,wmbl,aus,eif,ml,qd
,,1,Weidenbaum,7 657,11,1600,1000,510,570,750,1000,1000,1000,450,657,650,,,,,,,
,,2,Martin_Pecheur,6 687,13,2500,260,230,550,570,600,750,450,550,657,510,,,,100,,,450
,,3,pv4,6 330,14,1900,550,570,510,650,450,550,600,1000,510,420,,350,,400,,,280
,,4,Eepogi,4 280,17,450,200,300,280,550,75,92,125,300,230,180,,1000,30,50,800,245,600
,,5,saru,4 240,15,370,200,170,300,350,100,165,230,280,470,470,,,1000,1000,180,120,
,,6,wolvs,4 230,16,140,165,230,150,300,250,300,550,750,310,270,,,10,100,1000,750,90
,,7,Lcfyx,4 150,13,1100,150,300,260,230,330,410,280,140,410,570,,580,,,,,450
,,8,pajada,4 130,14,310,410,550,470,410,230,180,150,165,360,550,,,,100,,1000,380
,,9,DANeo,3 820,10,370,,,150,300,410,410,550,600,440,440,,,,,,,600
,,10,Tordread,3 590,15,650,550,440,310,310,410,250,140,100,150,135,,,,660,90,260,50
,,11,Eske,3 500,7,370,,,,,750,600,750,510,260,260,,,,,,,
,,12,Majondor,3 395,10,525,750,470,550,510,165,180,230,150,,,,,,,,,180
,,13,funestus,3 330,9,,440,410,410,550,125,230,300,330,,,,,,660,,,
,,14,totsilence,3 300,15,650,280,280,410,350,125,165,300,330,420,210,,,500,50,,330,310
,,15,whsvin,3 260,4,,510,750,1000,1000,,,,,,,,,,,,,
,,16,dannyboy14,3 130,9,310,300,410,650,470,300,280,230,410,,,,,,,,,
,,17,mwi,2 910,14,140,165,200,170,230,92,125,300,280,190,200,,660,,400,,640,
,,18,Angor,2 830,10,240,230,200,140,125,550,510,410,,550,,,,,50,,,
,,19,barboucha,2 765,10,450,165,,,150,300,550,510,,,,,,500,50,,84,140
,,20,Oprah,2 725,13,260,140,80,105,95,165,300,330,550,200,,,,,50,580,340,
,,21,Fourierrr,2 705,13,525,92,165,300,260,300,280,230,140,170,260,,,,,,440,340
,,22,Pascalotopia,2 670,3,1100,570,1000,,,,,,,,,,,,,,,
,,23,Dazzy,2 580,12,240,,,,,180,300,330,250,320,300,,310,60,200,,520,250
,,24,Brightfuture,2 490,15,450,125,230,200,140,85,92,125,165,230,230,,,,100,300,400,450
,,25,Sektat,2 420,12,260,310,280,350,280,330,330,280,230,170,160,,,,,,,45
,,26,Flackk,2 365,12,650,105,105,125,95,150,125,165,180,285,360,,450,,,,,
,,26,CaesarSalah,2 365,15,525,130,105,95,165,92,165,140,165,115,185,,,,100,720,240,200
,,28,321letsjam,2 361,13,650,46,92,105,165,46,92,125,,440,250,,510,,50,,116,
,,29,Vantablack,2 360,12,800,170,170,130,85,280,150,85,47,,,,,,100,520,140,
,,30,Gandin,2 355,13,370,150,150,300,410,165,300,410,250,135,125,,,,10,,,110
,,31,DiddleySquat,2 290,13,180,230,130,125,150,550,450,250,140,105,85,,,,10,,,340
,,32,Gutemetralla,2 259,7,450,30,,,,69,,,,210,440,,750,,,,310,
,,33,yaba,2 238,9,260,300,350,,300,230,,,92,,,,,,400,,168,230
,,34,Dirkules,2 210,5,370,650,650,440,,,,,,,,,,,100,,,
,,35,Lambda,2 180,6,,350,550,750,440,,,,,,,,,,25,,,65
,,36,BlixLT,2 140,17,180,85,85,75,92,180,230,140,85,125,150,,140,120,100,470,480,310
,,37,Boromir7,2 110,13,370,200,150,300,310,230,140,125,300,,,,65,250,25,,,65
,,38,Praetorianer,2 090,16,310,200,230,170,170,75,55,92,165,270,310,,140,,10,430,158,35
,,39,Grozz,2 085,13,450,,165,230,300,27,46,92,165,230,230,,,,25,,250,230
,,40,Lech,2 030,11,525,85,95,125,165,92,125,300,410,150,230,,,,,,,
,,41,vanishadow,2 000,2,,,,,,,,,,1000,1000,,,,,,,
,,42,sqwndw,1 990,8,260,170,150,170,,510,330,,,,,,350,,50,,,
,,43,zadokk,1 930,13,310,105,125,200,200,230,180,,,180,105,,125,250,50,,,380
,,44,KarlThomas,1 925,11,180,410,310,260,130,150,165,180,,230,190,,,,,,,30
,,45,Ristey,1 913,16,370,69,69,92,85,46,92,125,230,150,115,,273,30,200,215,350,
,,46,SnailZane,1 910,8,525,230,310,310,240,,,,,135,,,110,,50,,,
,,47,Arne,1 865,12,240,92,165,230,280,85,92,165,300,150,285,,,,,,,200
,,48,Tamirys,1 855,10,370,280,350,240,150,150,165,150,125,,,,,,10,,,
,,49,Himmelstosh,1 835,6,260,260,300,240,,,,,,,,,,750,25,,,
,,50,FirstOfDao,1 818,12,525,52,46,52,92,69,100,165,150,300,360,,,,,,126,
,,51,e5582768,1 770,3,1300,,,,,,,,,260,210,,,,,,,
,,52,RestlessMe,1 745,15,140,47,59,69,69,92,125,180,180,170,230,,,,100,380,235,230
,,53,Sylvain,1 692,6,525,140,,,,92,85,,,,,,,,200,650,,
,,54,Netopier,1 665,12,140,130,75,,,250,,,69,,170,,180,120,25,20,13,600
,,55,RutgerHauer,1 662,9,800,47,69,75,92,69,92,165,300,,,,,,,,,
,#N/A,56,occupied,1 657,9,370,170,300,280,260,100,85,92,75,,,,,,,,,
,,57,vaLfizzL,1 650,14,370,310,260,140,105,165,140,85,92,160,80,,,30,50,,102,
,,58,Gilgamesh2,1 620,10,950,27,46,69,105,27,46,69,,135,200,,,,,,,
,,58,Jaracz,1 620,11,370,92,165,,230,165,150,100,125,200,,,,,,,180,160
,,60,DJParson,1 537,9,650,105,80,92,95,280,150,85,41,,,,,,,,,
,,61,roverandom,1 476,16,125,95,80,59,69,125,75,47,34,185,180,,,60,25,310,176,280
,,62,Musan,1 464,14,450,46,43,46,59,150,100,125,230,115,75,,85,,,130,164,
,,63,ElChupacabra,1 460,12,310,52,92,105,125,180,230,250,150,90,110,,,,,,87,
,,64,Spartan1337,1 455,14,220,165,170,200,130,125,165,150,85,190,115,,,,,195,28,75
,,65,maiquelPS,1 392,12,180,92,165,170,150,125,100,165,180,130,142,,240,,,,,
,,66,WanderingWolf,1 357,10,240,125,165,230,240,69,92,100,165,,,,,,50,,,
,,67,Masox,1 344,15,220,125,140,95,95,41,46,55,69,150,150,,,,50,280,184,20
,,68,FreddyCrugerKiller,1 324,8,370,150,200,150,200,69,55,,,130,,,,,,,,
,,69,Airren,1 317,2,,,,,,,,,,657,,,,,660,,,
,,69,Skaiwalker,1 317,11,220,300,240,150,140,55,69,92,100,,,,,,10,75,,
,,71,takusto_II,1 300,12,220,165,150,200,230,47,46,92,100,110,125,,,,25,,,
,,72,Huettengaudi,1 280,12,310,105,95,165,170,100,75,55,69,,,,,,25,240,,95
,#N/A,72,daimx,1 280,14,220,95,95,105,85,69,55,46,92,150,135,,,,,110,370,95
,#N/A,74,Fjantarik,1 277,9,450,125,125,95,165,46,92,100,125,,,,,,,,,
,,75,delonecarter,1 254,12,370,95,105,125,95,85,69,75,92,,,,,,200,,104,160
,,76,Sunmaster14_LV,1 239,17,220,165,140,95,80,92,100,85,69,100,130,,55,30,10,150,134,200
,,77,Firedart,1 213,16,220,85,75,52,92,165,140,125,150,100,130,,110,120,50,155,128,
,,78,gomensky,1 202,9,220,34,92,95,,46,69,,,,,,,60,50,,570,
,,79,AaronGreen,1 190,5,,240,170,230,,300,250,,,,,,,,,,,
,,79,wittr,1 190,12,260,150,130,165,140,100,85,41,34,87,150,,,,,95,,
,,81,Genghisip,1 155,2,1100,,,,,,,,,,,,,,,,,55
,#N/A,82,Garlett,1 137,10,140,130,125,165,140,92,165,180,,90,75,,,,,,,
,,83,St4nkk,1 130,3,800,,,,,,230,,,,,,,,100,,,
,#N/A,84,Arcee,1 119,8,,,,,,180,180,180,140,105,170,,50,,,,114,
,,85,Mark0n,1 112,15,240,59,92,85,85,27,46,69,92,160,70,,273,30,25,85,,
,,86,scipio238,1 110,12,140,92,125,125,125,92,100,165,230,100,100,,,,,,,25
,,87,treitze,1 107,9,525,80,92,80,43,85,,,,85,110,,,,50,,,
,,88,DJLAODIE,1 103,5,650,7,,,,46,,,,210,190,,,,,,,
,#N/A,89,WhateverParsley,1 090,9,220,125,130,165,170,23,,,,150,105,,,,,,,25
,,90,ElKhan,1 087,15,220,80,69,47,69,55,92,75,47,90,70,,110,,200,56,220,
,,91,Kimmo,1 084,14,140,92,80,92,105,85,55,92,85,130,125,,270,30,,130,,
,,92,darwinian,1 079,10,260,92,,165,130,27,46,92,125,85,130,,,,,,,
,,93,Sohoof,1 050,3,370,,,,,,,,,360,320,,,,,,,
,,94,funnytortoise,1 036,12,180,59,43,46,92,69,125,85,92,90,,,,,,180,192,
,,95,MindKillazz,1 027,10,220,,,,,92,165,140,100,100,100,,110,,50,,33,
,#N/A,96,jantteri,1 022,14,140,46,52,59,59,92,125,85,69,130,115,,125,,25,,210,
,#N/A,97,Lloydinspace100,1 021,10,220,59,92,80,92,69,69,47,27,,,,,,,340,,
,,98,ben0728,1 013,5,125,,,,,,,,,310,410,,,,50,,118,
,,99,Sjir,1 010,4,310,300,260,140,,,,,,,,,,,,,,
,,99,Rob_Stedman,1 010,14,180,140,125,140,85,47,46,55,69,100,80,,,60,10,160,,
,,101,HCsquared,1 009,11,180,69,165,130,80,140,75,69,75,,,,,,,85,154,
,,102,Thisisnotasmile,1 004,16,125,47,52,69,52,41,34,34,46,75,55,,75,10,200,105,300,
,#N/A,103,FoLKeN91,1 000,4,310,350,240,,,100,,,,,,,,,,,,
,,104,PlanarFreak,997,7,370,95,125,105,95,69,,,,,,,,,,,138,
,,105,Gavatron,992,9,260,59,,69,52,100,100,165,180,,,,,,,,59,
,,105,Jonny125,992,13,370,47,69,69,59,47,34,69,47,100,75,,110,,,130,,
,#N/A,107,jRune,977,6,220,165,140,165,200,,,,,87,,,,,,,,
,,108,LittleBob,975,14,125,75,92,125,165,125,100,100,125,110,100,,85,,25,,,40
,,109,GerisNezus,964,9,140,46,52,,,165,150,,165,,,,125,120,,,47,
,,110,Magesolo,957,17,140,75,40,30,46,55,92,75,41,115,70,,140,120,50,200,70,70
,,110,heisenberg_97,957,9,220,125,130,85,165,100,85,47,27,,,,,,,,,
,,112,FFAZ,955,10,125,30,34,92,75,165,140,100,,70,,,,,,,188,
,,113,Wawrzyniec,950,1,950,,,,,,,,,,,,,,,,,
,,113,mbbchess,950,1,950,,,,,,,,,,,,,,,,,
,,115,Turdle,947,12,125,92,105,165,200,125,85,47,46,,,,,10,,,38,50
,,116,Amorin,936,12,150,34,30,46,52,69,47,46,47,,,,273,250,,,48,
,,117,flutter,932,13,180,92,165,130,105,55,55,41,34,80,85,,95,30,,,,
,,118,gothark,913,10,220,,27,46,92,27,46,92,165,110,142,,,,,,,
,,119,Dragonite,907,11,370,52,69,92,75,,27,46,47,,,,,,10,70,132,
,,120,DrRerNate,905,4,310,,,,,,,150,125,,,,,,,,320,
,,121,maxolino,903,12,150,59,92,80,92,69,69,100,85,,,,,,10,108,196,
,,122,CouchKing,898,11,370,59,59,92,125,69,69,55,46,,,,,,25,41,,
,,123,Kay,893,11,240,46,69,125,125,69,69,75,55,105,85,,,,,,,
,,124,jezza101,888,9,,,27,46,92,,27,34,34,105,150,,,,400,,,
,,125,MartinW,879,13,220,52,52,52,52,75,69,55,55,75,100,,,,,,230,10
,#N/A,126,brunoerwin,877,10,180,85,105,105,125,46,92,100,85,,,,,,25,,,
,,127,raist,874,14,220,75,52,92,125,23,8,27,34,60,50,,,30,,46,200,
,,128,Dvale112,841,11,260,95,85,85,85,85,69,41,27,,,,,,25,77,,
,,129,Garri,840,16,50,52,59,92,105,85,92,75,47,100,70,,95,60,10,115,156,
,,129,GZ95,840,2,370,,,,,,,,,470,,,,,,,,
,,131,Dantes,835,3,650,,,,,,,,,75,110,,,,,,,
,,132,kenchan,827,16,140,47,47,47,92,34,34,69,69,75,60,,140,60,10,70,172,
,,133,fathope,825,11,240,105,105,95,95,55,41,34,46,65,65,,,,,,,
,,133,BoatyMcBoatface,825,9,150,130,85,105,105,,,,,100,90,,,60,25,,,
,,135,Magnetiseur,824,7,310,85,105,80,69,,55,,,,,,,,,,,120
,,136,fugg,818,12,180,69,80,,47,46,69,,27,80,100,,180,60,,18,,
,,137,speedstone,817,7,220,,,,,,,15,27,180,170,,180,,25,,,
,,138,LordMichael,816,11,90,23,46,59,52,125,125,85,,80,,,,,200,,41,
,,139,Binki,810,2,,470,,,,,,,,,,,,,,,,340
,,140,PhiTrigger,809,11,220,52,92,125,130,55,47,46,55,,,,,,25,80,,
,#N/A,141,Rhizom,807,8,220,46,59,43,34,,,,,75,80,,,,,250,,
,,142,Doobie,800,13,220,59,69,59,92,34,46,69,100,75,75,,,,100,,6,
,,143,Olesch,794,10,140,80,52,43,34,75,92,100,75,,,,,,,,,180
,#N/A,144,Reenter73,793,9,125,140,80,69,59,140,125,55,47,,,,,,,,,
,,145,borz.zrob,792,9,220,69,75,92,165,55,69,47,46,,,,,,,,,
,,146,Amorin,788,12,150,34,30,46,52,69,47,46,47,,,,125,250,,,48,
,#N/A,147,HeirOfValyria,783,8,370,,,,,46,47,46,55,60,65,,,,,94,,
,,148,Boyo,780,9,260,,27,46,69,,,,27,75,110,,,,,33,160,
,,149,MruczekW,773,9,240,46,52,,,92,85,125,,75,,,,,50,54,,
,,149,ChipsAhoya,773,13,310,75,52,59,40,47,34,34,34,45,27,,,,,105,80,
,#N/A,151,Draculade,760,5,220,75,,,,,,,,,,,,,100,,290,75
,#N/A,152,weisswurst,756,6,260,95,,,165,92,,75,69,,,,,,,,,
,,153,SandHippo,750,1,,,,,,,,,,,750,,,,,,,
,,154,iyakhoop,745,4,310,,,,,,,,,,,,140,120,,175,,
,,155,Nightvayne,744,11,240,80,59,47,59,69,47,46,92,60,85,,,,,,,
,,155,Shadowiscool500,744,14,140,69,59,59,59,34,47,46,69,64,45,,,,10,30,225,
,,157,Gagic,743,9,180,43,59,92,80,,,,,64,75,,,,10,,150,
,,158,rcia,742,11,150,80,40,22,34,34,27,,,,,,210,,100,27,94,
,#N/A,158,brainac,742,7,240,92,85,95,80,,,,,80,70,,,,,,,
,,160,Shagrat,734,10,220,,,27,46,,15,46,92,65,100,,,,,41,124,
,,161,rap2,722,12,140,69,95,85,80,46,55,69,47,64,120,,,,50,,,
,,162,Qiubag,714,13,220,46,43,46,92,92,75,41,46,55,65,,,,10,69,,
,,163,MurphyAKL,709,16,180,69,80,59,69,41,46,41,21,55,55,,85,30,10,35,112,
,,164,MidnightFox,707,9,180,69,75,52,69,,,47,46,85,130,,,,,,,
,#N/A,165,DB.Starman,706,11,150,34,59,92,75,75,55,69,69,,,,,,10,117,,
,,166,Aranwar,700,9,,85,105,75,43,140,85,92,75,,,,,,25,,,
,#N/A,167,Hsugneslie,698,6,450,75,,,,34,34,41,,64,,,,,,,,
,,168,Mattian12000,697,7,240,46,47,69,59,,,,,,,,,,,100,136,
,#N/A,169,Padishar,695,15,125,59,52,69,59,47,34,92,100,47,45,,85,,10,30,106,
,,170,ERock37,688,7,260,,,,59,,,69,55,47,50,,,,,,148,
,,171,DadboBaggins,672,10,50,43,34,52,92,34,69,69,92,,,,,,,,205,
,,172,Berfner,670,4,525,46,47,,52,,,,,,,,,,,,,
,,173,St-Amadeus,666,14,125,105,75,52,40,46,47,46,47,37,47,,95,,10,120,,
,,174,pote,665,8,310,46,52,59,,47,46,,,,,,95,,10,,,
,#N/A,175,CarloPedersoli,662,9,,46,92,80,92,15,46,69,85,,,,,,,,152,
,,176,eNroamer,661,14,220,30,46,92,105,55,47,34,46,,,,50,30,10,25,36,
,#N/A,176,peposqui,661,10,180,47,59,69,92,92,75,47,46,47,,,,,,,,
,,178,JimmyLin,659,14,140,34,92,85,75,69,55,41,46,55,55,,,60,,55,83,
,,179,ChampDeGlace,652,12,220,40,46,40,34,34,55,69,92,50,80,,,,10,,,
,#N/A,180,bobaboba,650,1,650,,,,,,,,,,,,,,,,,
,,180,a440,650,1,650,,,,,,,,,,,,,,,,,
,#N/A,182,henrymerrivale,648,14,180,40,34,43,26,46,47,46,55,60,65,,,10,,51,144,
,,183,Raulone,646,6,,,,,,55,69,92,100,130,200,,,,,,,
,,184,Wolar,638,12,220,23,26,34,23,46,55,55,47,75,90,,,,,,50,
,,185,Shincham,634,9,140,85,85,75,92,47,34,55,55,,,,,,,,,
,,185,Thronx,634,9,180,80,52,47,43,,,,,50,38,,,,,40,142,
,,187,Xterm,631,9,125,46,69,92,105,75,55,55,55,,,,,,,,,
,,188,zbert,623,8,220,34,92,80,47,,,,,65,60,,,,,,25,
,#N/A,189,LeonidasI,612,9,260,40,46,47,40,,,47,27,47,85,,,,,,,
,#N/A,190,Alvin1912,610,9,310,46,59,52,59,23,8,34,27,,,,,,,,,
,#N/A,191,Terence,606,11,240,40,26,23,30,,,,,70,47,,,60,10,19,93,
,,192,BitterBlossom,600,7,220,27,34,43,46,,,,,100,130,,,,,,,
,#N/A,193,Aaronwebber,597,12,220,59,47,40,46,41,34,55,41,34,41,,,,,,88,
,#N/A,194,Doughnut,595,3,370,125,,,,,,,,,,,,,,,,100
,,195,Palino,590,2,310,,,,,,,,,,,,,,,,280,
,#N/A,196,Dayvs,589,8,150,,,,,41,46,55,55,70,42,,,,,,130,
,#N/A,197,LordPeter,585,7,140,125,95,80,43,,,,,47,55,,,,,,,
,,198,kuzmich,582,10,150,69,95,75,43,46,47,34,,55,45,,,,,,,
,,198,vodka,582,10,125,47,59,52,69,34,69,75,41,,,,,,,86,,
,,200,Mike1313,581,15,140,47,40,34,26,34,34,47,34,87,80,,,30,25,62,78,
,,201,Vorbrock,579,7,50,52,92,85,75,,,,,120,105,,,,,,,
,,202,DavidSegoviano,577,15,105,34,47,69,80,34,34,34,46,45,36,,75,,25,17,110,
,,203,daices,574,11,180,23,15,23,23,41,46,92,85,47,,,,60,,,,
,,204,Jappa,571,10,140,,,15,26,46,92,85,47,60,75,,,,,,19,
,,205,Jorrig,570,5,310,80,,,75,,,,,80,,,,,25,,,
,,206,RoxasVen,569,10,105,59,43,30,34,92,75,55,55,,,,,,,,85,
,,207,discodancer,565,4,,105,125,165,170,,,,,,,,,,,,,
,,208,OlaWictorin,562,10,,,27,46,52,15,34,92,125,64,,,,,,54,95,
,,209,ChosenWizard,561,9,150,34,59,69,59,34,46,69,75,,,,,,,,,
,,210,tupper,557,11,,,15,46,69,27,46,69,125,55,58,,,,,37,89,
,,211,baodalanxin,554,12,180,34,46,40,34,46,41,46,47,,,,,,25,50,98,
,,212,Daniii,553,11,105,30,20,,7,55,55,92,75,31,55,,85,,,,,
,,213,Haxxorn,549,14,125,34,69,52,47,27,46,41,69,60,60,,,,50,30,64,
,,214,Rajeev,548,7,220,,,,27,,27,46,92,51,85,,,,,,,
,,214,LeoM,548,11,125,59,47,69,47,41,46,47,46,,,,,,,33,108,
,,216,PacificKonradin,547,7,,,,,27,27,27,34,92,,90,,,250,,,,
,,217,CoxCz,545,6,125,46,92,85,75,,,,,,,,,,,,122,
,,217,Sugoi,545,3,180,165,200,,,,,,,,,,,,,,,
,,219,Vangelisb,537,14,150,47,40,30,46,69,47,34,46,50,64,,,60,50,,,30
,,220,ABQ,535,11,150,92,59,80,52,41,23,27,34,,,,,,10,,8,
,,220,Dovi,535,13,180,34,34,52,52,46,41,46,41,32,36,,75,,,,43,
,,222,Snucka,533,3,450,,,,,,,,,41,42,,,,,,,
,,223,Spoobill,531,10,180,26,46,40,26,46,69,55,69,,,,,,10,,,
,,223,vendogs,531,11,125,34,43,46,69,,,27,46,75,75,,,,10,,52,
,,225,Etherealz,530,11,125,22,30,46,59,,,,,75,55,,,10,50,8,90,
,,226,Buldozer_bga,522,7,220,34,43,46,47,,,,,47,85,,,,,,,
,,227,Attrill20,521,14,220,26,34,34,22,46,47,34,46,45,22,,,30,,37,46,
,,228,AdiQue,520,9,140,75,52,47,69,75,41,21,15,,,,,,,,,
,,229,JoshyWiggins,519,13,180,43,30,30,30,23,27,27,23,55,50,,,,,57,74,
,,230,bcnoexceptions,518,9,105,52,59,69,47,,,,,41,55,,,,,63,68,
,,230,Spence2102,518,8,150,,,,11,46,47,69,75,55,65,,,,,,,
,,232,Sellux,515,3,310,,,,,,,,,125,80,,,,,,,
,,233,Kuter,514,16,180,26,30,26,26,21,8,21,15,55,55,,50,10,10,37,81,
,,234,Miklos,513,12,150,46,43,46,43,34,34,55,,80,,,,10,50,,26,
,,234,Loveschack,513,12,125,43,34,47,43,23,27,34,69,27,55,,,,,,97,
,,236,Ddafaith,511,14,125,40,30,46,47,47,34,46,41,45,27,,,,100,25,55,
,,237,JoyBoy,510,5,220,59,59,92,80,,,,,,,,,,,,,
,,237,megumi,510,2,,,,,,,,,,200,310,,,,,,,
,,239,StonedHenge420,508,13,90,30,46,59,52,47,34,92,75,36,47,,,10,,26,,
,,239,TribunX,508,12,180,34,40,30,30,15,46,41,34,42,32,,,,,,91,
,,241,Lothar,507,4,370,85,,,27,,,,,,,,,,25,,,
,,242,SpartacusImperator,500,5,,170,140,95,85,,,,,,,,,,10,,,
,,242,virvett,500,13,50,26,26,34,34,46,41,46,41,100,90,,,10,,,86,
,,242,Donni,500,14,125,46,43,46,43,55,41,27,34,60,50,,,10,25,,75,
,,245,Raffaello,495,8,180,,,27,30,,27,46,85,36,64,,,,,,,
,,246,vitek,494,5,180,95,85,75,59,,,,,,,,,,,,,
,,247,Radvan,492,9,180,34,46,59,52,46,41,27,34,,,,,,,,,
,,248,MoonlitShadow,491,11,140,34,30,46,69,47,34,46,41,47,55,,,,,,,
,,249,lfrantisek,490,3,370,,,,,,,,,,,,95,,25,,,
,,250,Panthera,486,14,125,34,69,47,,,27,23,27,34,41,,65,10,25,19,71,
,,251,dougthonus,485,8,,92,85,85,75,27,34,46,41,,,,,,,,,
,,252,schwam,483,12,140,26,34,59,52,15,27,23,27,41,64,,,,,,66,
,,252,Tshemmp,483,9,220,34,47,52,,27,34,,,37,,,,,10,,32,
,,254,GunKer,480,11,140,34,40,46,43,85,41,23,8,,51,,,10,,,,
,,255,LuckyAnesa,475,3,370,,,,,,,,,50,55,,,,,,,
,,256,JohnFreshKennedy,474,6,180,92,80,,,46,55,,,,,,,,,,21,
,,256,shpand,474,3,310,,,,,,,,,64,100,,,,,,,
,,258,Lemmingsplayer,470,1,,,,,,,,,,,470,,,,,,,
,,258,comant,470,16,125,46,40,22,26,27,27,34,23,34,31,,65,10,50,27,76,
,,260,Notbot66,468,6,260,,,,27,,,27,34,55,65,,,,,,,
,,261,Klakla92th,463,8,150,,,,,34,34,34,34,70,29,,,,,78,,
,,262,Robster,462,7,220,,15,34,20,34,92,,47,,,,,,,,,
,,263,Tony117,459,10,125,40,46,59,47,34,27,34,46,,,,,,,,62,
,,264,guppyfry,457,14,50,92,75,52,52,27,34,47,27,42,47,,,,25,29,7,
,,264,ChrisTher,457,6,240,46,69,43,34,,,,,,,,,,25,,,
,,266,barda,456,7,140,27,46,69,69,,,,,55,50,,,,,,,
,,267,Fleepa0,455,9,180,26,46,47,40,46,47,23,23,,,,,,,,,
,,268,Kejml,452,13,105,46,47,52,40,34,27,23,4,38,55,,,,50,,57,
,,269,HentaiLover69,450,5,260,34,52,52,52,,,,,,,,,,,,,
,,269,DrSniken,450,3,220,,,,,,,,,80,150,,,,,,,
,,271,Demetrius,446,6,240,,,,11,,,27,,64,75,,,,,,29,
,,272,happyboykt,445,10,125,40,46,47,59,41,34,41,46,,,,,,10,,,
,,272,jSan,445,7,220,23,,,11,,,27,69,31,64,,,,,,,
,,274,jonzewiespike,443,9,220,,,,,,15,23,27,42,55,,,,25,21,30,
,,275,Finglove,442,8,140,34,92,75,43,8,23,27,,,,,,,,,,
,,276,ThomRun974,441,7,50,105,85,59,,,,,,,,,110,,10,22,,
,,276,Die12,441,9,140,30,23,46,52,46,47,34,46,,,,,,,,,
,,278,tronnemann,436,10,105,30,23,46,59,,,,,34,31,,55,,50,,56,
,,279,madrabbit,432,4,,92,125,130,85,,,,,,,,,,,,,
,,280,Allfather,431,7,180,,,27,46,,,27,46,41,64,,,,,,,
,,281,Desgenais,430,11,150,22,34,26,20,23,27,46,41,,,,,,,29,77,
,,282,Straszyk,424,5,150,69,75,,,,,,,,,,,,100,,,30
,,283,danilius,422,5,180,,,,,27,46,69,100,,,,,,,,,
,,284,Sarek,421,11,125,22,26,23,46,47,23,27,27,,41,,,,,,82,
,,285,Neandrtalec,420,3,310,,,,,,,,,55,55,,,,,,,
,,286,khyung,419,7,140,43,30,46,40,,,,,,,,95,,25,,,
,,286,Pule,419,6,180,,,,,55,55,55,,37,37,,,,,,,
,,288,hypodg,417,11,125,43,34,30,23,34,23,46,47,41,47,,,,,,,
,,288,Durloc,417,8,150,47,59,43,30,27,46,,15,,,,,,,,,
,,290,maciek,414,15,105,27,26,34,34,2,15,27,23,60,45,,,30,25,15,79,
,,290,ed_vins,414,14,125,7,26,30,30,15,23,23,8,65,60,,,,10,24,54,
,,290,CloneFish,414,10,150,30,30,26,34,,,,,60,45,,,,10,10,39,
,,293,danebed,412,9,150,47,40,34,46,23,27,34,34,,,,,,,,,
,,294,Tomtomparking,409,15,105,23,23,26,30,8,46,41,27,50,32,,,10,25,33,72,
,,295,migoet,408,13,150,22,26,46,43,46,41,27,23,29,22,,,,,8,26,
,,296,Csannerud,402,12,125,26,34,43,26,21,27,46,55,45,27,,,,,24,,
,,297,theussner79,401,12,150,23,26,22,26,34,27,34,23,55,42,,,,,33,,
,,298,Bulten,399,10,,,27,46,59,15,34,27,92,31,,,,,,41,69,
,,298,Tuty,399,9,140,34,34,40,20,55,41,34,21,,,,,,,,,
,,300,InfiniteZest,397,6,125,52,47,59,69,,,,,,,,,,,45,,
,,301,nattee,396,11,150,40,22,,11,27,27,27,27,36,34,,55,,,,,
,,302,DarthVaderDLotS,395,9,105,40,30,34,23,47,46,47,46,,,,,,,,,
,,303,larshb,394,9,140,15,46,40,46,41,27,27,27,,,,,,,,,
,,303,seviech,394,15,125,30,30,34,34,15,21,8,34,27,32,,75,,10,17,30,
,,305,elo8000,391,8,,15,,15,46,27,46,92,,100,,,,,50,,,
,,306,Cleveman,390,14,125,26,34,47,43,21,15,21,8,45,24,,,10,25,45,,
,,307,luigino71,389,14,150,22,15,34,30,4,8,15,27,37,55,,,,25,20,31,
,,307,Levia,389,11,220,22,23,26,26,15,23,15,27,22,12,,,,,,,
,,309,skab12,388,12,90,23,46,47,40,21,2,8,27,55,60,,,,,,11,
,,310,Romendil,387,4,,92,95,105,95,,,,,,,,,,,,,
,,311,Borgmo,386,8,140,52,47,52,,23,15,34,23,,,,,,,,,
,,311,CPC_CHAIRMAN,386,5,260,30,46,40,,,,,,,,,,10,,,,
,,313,Kaiserschmarrn,385,8,50,,11,15,46,55,92,75,41,,,,,,,,,
,,313,haimke,385,11,105,26,26,46,40,27,46,47,34,,,,,,10,,40,
,,313,isman,385,3,220,,,,,,,,,75,90,,,,,,,
,,316,Ricicle,384,6,180,26,34,43,46,,,,,,,,55,,,,,
,,317,FooledTwice,381,9,105,30,46,47,69,15,34,23,27,,,,,,,,,
,,317,Tanario,381,7,220,15,34,40,,15,23,,,,,,,,,,34,
,,319,Lammoth,380,14,125,30,22,34,30,27,46,41,23,42,32,,,,25,15,13,
,,319,Herdeksunek,380,13,105,26,23,20,2,4,15,27,46,32,21,,,,25,,96,
,,321,Rasputin,379,13,105,46,40,20,11,23,15,27,46,55,37,,,,,4,14,
,,322,aaaaa,378,6,140,43,47,69,69,,,,,,,,,,10,,,
,,322,Zathio,378,7,150,30,46,40,,15,,,,,,,,,,24,73,
,,324,Ioannis3,375,14,125,27,30,26,46,23,15,15,21,37,47,,,10,10,37,,
,,324,WDD,375,3,220,,,,,,,,,55,100,,,,,,,
,,326,McNulty,373,7,,69,,,,34,,,,85,100,,65,10,10,,,
,,327,Gyphon,371,3,220,,,,,,,,,51,100,,,,,,,
,,328,syras,369,3,220,,,,,,,,,64,85,,,,,,,
,,329,Hisbossness,367,8,105,,,15,46,,27,27,46,51,50,,,,,,,
,,329,Medgar,367,9,125,52,43,46,40,15,23,15,23,,,,,,,,,
,,331,DonRaphon,366,10,50,34,30,34,22,,,,,42,50,,65,,,3,61,
,,331,HopeForLuck,366,14,50,30,26,34,30,4,27,46,41,24,36,,,30,25,,99,
,,331,TheElk,366,12,105,30,26,34,46,15,34,34,23,27,32,,,,,,51,
,,334,Sergeeeee,364,7,180,43,34,43,30,,,,,,,,,,25,9,,
,,334,Melon6688,364,13,105,22,23,34,23,34,21,8,21,65,58,,,,,3,11,
,,334,wartin,364,12,105,47,34,34,34,23,27,23,27,27,42,,,,,41,,
,,334,etJake,364,7,140,,,,,27,27,46,41,36,47,,,,,,,
,,338,Ralf-TtA,361,6,50,69,95,75,47,,,,,,,,,,25,,,
,,339,Dunedain,360,5,,59,69,40,,92,100,,,,,,,,,,,
,,339,Hardco,360,5,125,,,,,,,,,55,100,,,30,,50,,
,,339,Ramonster,360,7,180,27,34,34,26,,,4,,55,,,,,,,,
,,339,jsjsj,360,6,260,,4,11,,27,27,,,31,,,,,,,,
,,343,MrGekz,358,6,150,,,,,,,27,46,55,55,,,,25,,,
,,343,Olivier000,358,6,180,26,34,46,47,,,,,,,,,,,,25,
,,343,CrownKiller,358,3,180,,,,,,,,,,,,125,,,,53,
,,346,ZRoronoaZ,353,8,125,46,92,,,21,15,,,,,,,,25,24,5,
,,347,gamblerch,350,5,150,,,,,,,,,75,55,,45,,25,,,
,,347,matst379,350,13,105,23,26,30,26,4,8,27,34,42,32,,,,10,54,,
,,347,Obinger_Alphons,350,4,180,,,,15,,,,,55,100,,,,,,,
,,347,milanmar,350,2,140,,,,,,,,,,,,210,,,,,
,,347,Fizi,350,1,,,,350,,,,,,,,,,,,,,
,,352,Serena,349,7,140,,,,,8,27,46,55,31,42,,,,,,,
,,353,LhuCaS,348,11,105,30,46,40,46,27,27,23,27,24,22,,,,,,,
,,354,giannisoad,346,10,125,26,20,46,40,27,23,8,34,,,,,,25,,,
,,355,KindFortress,345,6,125,46,43,46,47,,,,,38,,,,,,,,
,,356,Daemon3142,344,12,105,46,40,34,26,15,27,21,27,34,31,,,,,,23,
,,357,Gabriele,342,12,50,30,30,,,46,41,23,,42,47,,,10,25,41,45,
,,357,opatulony,342,9,125,20,4,46,40,34,27,27,23,,,,,,,,,
,,359,petrau77,339,13,90,4,22,30,26,21,15,46,41,42,42,,,,10,21,,
,,360,Boardello,338,13,90,47,43,23,30,23,4,8,34,37,34,,,,,22,10,
,,361,Vi15So17,336,13,105,4,30,23,34,27,23,27,27,45,41,,,,25,,9,
,,362,Arkadiussus,334,14,105,23,23,46,43,23,8,23,15,34,31,,,10,10,,29,
,,363,KEIL,333,10,140,26,23,20,26,8,21,,,,,,,,10,10,67,
,,363,McLovinsBlueberry,333,6,140,34,47,59,43,,,,,,,,,,10,,,
,,365,Papaver,332,4,,46,69,92,125,,,,,,,,,,,,,
,,366,phoang,331,3,220,,,,,,,,,51,60,,,,,,,
,,367,kaeptnblaubaer,327,14,50,30,23,30,23,21,15,21,15,50,32,,75,,10,37,,
,,367,MBlueMan,327,7,105,,,,,,,,15,55,29,,55,,10,,58,
,,369,ugglor,325,6,150,34,46,40,34,,,,,,,,,,,21,,
,,369,Adamez,325,3,140,,,,,,,,,75,110,,,,,,,
,,371,ZioKhan,324,14,125,34,23,26,30,4,2,4,15,31,34,,,,10,16,21,
,,372,Bobisko,321,9,125,30,30,30,22,27,34,23,8,,,,,,,,,
,,373,Carbon14,320,12,105,30,26,30,23,23,15,27,34,21,12,,45,,,,,
,,373,SuperHans,320,2,220,,,,,,,,,,,,,,100,,,
,,375,Purplegoo,319,14,105,30,30,26,46,15,23,4,8,32,27,,,10,10,13,,
,,375,MarekP,319,8,125,,27,34,30,15,27,34,27,,,,,,,,,
,,375,zalarg,319,8,105,26,34,59,52,4,15,,,24,,,,,,,,
,,378,Cristiancordeu,318,9,105,4,26,23,23,,,,,38,32,,,30,,41,,
,,378,sttailtw,318,11,105,46,40,22,20,41,23,15,21,,,,,,10,13,,
,,378,Asaf,318,6,125,52,47,,,34,,,,,,,,10,50,,,
,,381,brumynut,316,14,125,23,30,34,26,27,21,15,23,21,17,,,10,10,,28,
,,382,_sleepwalker,315,7,,,,,,,15,34,34,41,37,,,,,54,100,
,,383,Kloef,314,3,260,,,,,27,27,,,,,,,,,,,
,,384,Asbestos,313,8,150,,,,,27,34,23,15,,,,,30,10,24,,
,,384,Ulyssess,313,11,90,2,4,34,40,,27,34,23,27,36,,,,25,,,
,,384,rasattack,313,3,240,27,46,,,,,,,,,,,,,,,
,,387,sergraim,312,10,105,27,22,30,46,27,34,21,15,,,,,,,6,,
,,387,GokuBC,312,9,90,46,43,34,43,8,4,27,21,,,,,,,,,
,,389,trzeciakson,311,5,150,,,,,34,46,47,34,,,,,,,,,
,,389,Reinuvader,311,5,220,26,,,,23,15,27,,,,,,,,,,
,,391,cpp,310,4,,69,69,92,80,,,,,,,,,,,,,
,,391,Scottrick,310,1,310,,,,,,,,,,,,,,,,,
,,391,Beowls,310,1,310,,,,,,,,,,,,,,,,,
,,391,Footloop,310,1,310,,,,,,,,,,,,,,,,,
,,391,Naleenae,310,1,310,,,,,,,,,,,,,,,,,
,,391,DukeAtreides,310,1,310,,,,,,,,,,,,,,,,,
,,397,RoboKay314,309,11,90,40,34,40,30,27,21,8,27,21,8,,,,,,,
,,398,Paoloco,306,9,50,52,47,40,46,23,15,21,27,,,,,,,,,
,,399,chris223,304,13,90,30,26,22,26,41,27,23,8,29,17,,,,,26,35,
,,399,t-k-421,304,11,105,26,23,34,46,4,8,21,27,22,6,,,,,,,
,,401,albinsix,303,12,90,26,46,43,34,8,,8,27,27,,,,10,10,6,,
,,401,LT.Stuntovic,303,4,125,69,75,,,34,,,,,,,,,,,,
,,403,Gelato,302,7,,,,,15,,27,46,55,41,55,,,,,,63,
,,404,czaurel,301,8,90,34,52,43,30,21,8,23,,,,,,,,,,
,,404,Rumbleman,301,4,180,30,46,,,,,,,,,,45,,,,,
,,404,jhamra,301,2,260,,,,,,,,,41,,,,,,,,
,,407,HavardG,300,5,150,43,46,,,34,27,,,,,,,,,,,
,,407,aivin,300,7,125,,,,,21,8,21,,55,60,,,,10,,,
,,409,Largos,298,13,90,23,34,23,30,8,8,21,27,37,34,,,,,12,20,
,,409,mushan,298,3,,,,,,,,,,34,64,,,,200,,,
,,411,Minde,296,9,125,22,30,20,20,27,21,27,,24,,,,,,,,
,,411,abobey,296,12,105,22,46,43,22,8,21,2,4,21,12,,,,,,16,
,,411,Mephist,296,8,140,,,11,34,,15,23,8,31,34,,,,,,,
,,414,TeriyakiJaccuzi,295,13,105,7,20,4,20,21,8,34,21,42,32,,,10,,18,,
,,414,SKJaCaRD,295,7,125,15,34,40,30,,,,,24,27,,,,,,,
,,416,NoswordKnight,294,3,180,,,,,,,,,64,50,,,,,,,
,,417,GregoryD,293,9,90,26,30,34,40,15,23,27,23,,,,,,,,,
,,417,Mul,293,7,150,22,26,26,46,8,,,15,,,,,,,,,
,,419,Diogenes,292,13,90,26,30,30,34,4,27,23,15,24,22,,,30,25,,,
,,419,boogy5,292,7,105,,,,,8,27,46,41,36,29,,,,,,,
,,421,sorpy,291,7,150,27,23,22,30,,,,,,,,,,10,29,,
,,421,Mockingbird5,291,7,105,,,,,,15,46,47,36,32,,,,10,,,
,,421,Mads,291,8,,52,47,40,23,46,47,21,15,,,,,,,,,
,,421,nkbobo,291,8,105,43,23,34,46,21,4,15,,,,,,,,,,
,,421,Amitke,291,7,140,43,30,,,27,23,,,,,,,,10,,18,
,,421,Deschain,291,4,,30,46,,,140,75,,,,,,,,,,,
,,427,Thomi,290,9,,30,34,47,47,15,34,41,27,,,,,30,,,,
,,427,KenoshaKid,290,7,,23,46,,27,46,55,47,46,,,,,,,,,
,,429,Rasmulde,289,2,220,69,,,,,,,,,,,,,,,,
,,430,Wennejoekel,288,8,50,,,,,46,41,34,23,22,22,,,,50,,,
,,430,Ekdezel,288,12,105,20,2,11,26,15,21,27,21,36,32,,,,,13,,
,,430,shohei,288,10,125,23,23,26,34,8,21,15,21,,,,,,10,,,
,,433,Krayze,285,9,125,15,46,,,23,2,,2,,41,,,,10,,23,
,,433,Noash,285,7,125,22,30,22,26,,,,,24,36,,,,,,,
,,433,Imiter,285,3,125,,,,,,,,,85,75,,,,,,,
,,436,Iosefvs,284,9,50,34,47,47,47,23,2,15,21,,,,,,,,,
,,436,sillysheep,284,5,150,,,,,27,27,,,42,38,,,,,,,
,,436,jonswar,284,3,,,,,,75,69,,,,,,,,,140,,
,,439,MickeyStein,283,8,,27,46,52,47,27,27,34,23,,,,,,,,,
,,439,firlefanzer,283,13,90,4,30,23,34,2,4,15,21,24,36,,,10,25,,,
,,439,Octavian,283,5,125,46,43,23,46,,,,,,,,,,,,,
,,442,kabel2,282,11,105,4,23,26,22,21,2,8,27,34,24,,,,,,,
,,442,rabalder,282,4,150,,,,,,,,,47,75,,,,10,,,
,,444,Teraspena,281,6,125,46,43,30,30,,,,,,,,,,,7,,
,,445,Netrom,280,11,90,22,30,30,30,23,27,23,27,21,6,,,,,,,
,,445,Isaia,280,2,50,230,,,,,,,,,,,,,,,,
,,447,Pshemo,279,12,105,20,11,23,30,23,4,2,8,24,24,,,30,,,,
,,447,luckrider,279,10,105,,,,,4,15,27,21,19,17,,,60,10,,15,
,,447,joehammerman,279,9,125,11,22,26,23,34,23,2,15,,,,,,,,,
,,447,NikeBarbachiara,279,4,180,43,30,26,,,,,,,,,,,,,,
,,451,mahawirasd,278,13,90,27,22,26,23,27,21,8,27,32,21,,,,,26,8,
,,451,Lodon,278,11,105,27,23,23,30,27,,,,24,19,,,10,10,4,,
,,451,martinxjames,278,6,125,,,,,,27,27,34,36,29,,,,,,,
,,454,Zaij,277,10,50,47,43,20,11,21,15,21,8,,,,,,,60,,
,,455,eaguirre,276,11,90,23,34,23,,23,15,27,23,21,6,,,,,33,,
,,456,DonStino,275,10,125,,15,22,,2,15,21,,42,,,,10,25,7,,
,,457,yaop,274,6,,,,,15,,,27,92,34,64,,,,,,42,
,,457,gabev,274,5,150,,,,,,,27,34,31,32,,,,,,,
,,459,kwojtasz,273,4,180,,,,,,27,34,,32,,,,,,,,
,,460,powerbigoud,271,12,105,26,22,23,23,4,15,23,27,22,4,,,,,4,,
,,460,SimTubez,271,5,140,46,52,,,,8,,,,,,,,25,,,
,,462,BirdOfPreyyy,270,7,50,,,,,27,27,21,15,55,75,,,,,,,
,,462,Kelern,270,11,50,,,,,41,27,23,8,29,17,,45,,25,30,1,
,,462,Magnotta85,270,1,,,,,,,,,,,,,,,,,270,
,,465,BradSwan,269,2,,,,,,,,,,,,,125,,,144,,
,,466,MrFigu,268,4,140,,,,,,27,46,55,,,,,,,,,
,,467,itsPG,267,9,125,7,26,23,26,8,21,15,23,,,,,,,,,
,,468,Bookhouseboy,266,11,50,22,26,30,,15,23,2,,45,,,,,10,21,49,
,,468,JohnnyMac,266,11,90,20,2,22,23,34,27,21,4,29,8,,,,,,,
,,468,sodalppargkppakee,266,6,140,,,,,,,27,46,22,21,,,,10,,,
,,468,AdrianosMaximus,266,3,180,46,40,,,,,,,,,,,,,,,
,,472,5calpel,265,5,125,23,22,30,,,,,,,,,65,,,,,
,,473,Tyristan,263,4,180,,,,,,27,34,,22,,,,,,,,
,,473,oleKanin,263,7,105,,,,,15,46,41,21,29,6,,,,,,,
,,473,Alfonsillo,263,6,150,,,,,,2,27,21,31,32,,,,,,,
,,473,MikeyLear,263,3,180,,,,,,,,,41,42,,,,,,,
,,477,Honigbaer,262,7,125,40,23,22,,4,27,21,,,,,,,,,,
,,477,NovusIgnis,262,9,105,15,23,22,20,27,27,23,4,,,,,,,,,
,,477,Xxyu,262,3,,,,,27,,,,,85,150,,,,,,,
,,480,OrionAlpha,261,13,90,11,22,23,26,8,2,27,41,21,8,,,,10,4,,
,,481,Cogito3,260,6,,,,,27,,,27,92,22,27,,,,,,65,
,,481,IpaStian,260,7,50,43,23,46,43,,,,,34,21,,,,,,,
,,481,maumastoks,260,6,90,,,,,46,41,27,34,22,,,,,,,,
,,481,CrystalPete420,260,3,,,,,,,,,,100,75,,85,,,,,
,,481,Dooglassa,260,1,260,,,,,,,,,,,,,,,,,
,,481,SergioCamp,260,1,260,,,,,,,,,,,,,,,,,
,,481,Prautim,260,1,260,,,,,,,,,,,,,,,,,
,,481,Arinmir,260,1,260,,,,,,,,,,,,,,,,,
,,481,vermiliondk,260,1,260,,,,,,,,,,,,,,,,,
,,490,Kenvi,259,7,125,23,22,,,27,23,,,,,,,,25,,14,
,,491,Darek79,258,3,180,,,,,,,,,36,42,,,,,,,
,,492,noobgo,256,9,125,4,27,20,20,27,23,4,,,,,,,10,,,
,,492,Mario86,256,3,150,,,,,,,,,42,64,,,,,,,
,,494,Bergen,254,13,50,27,26,30,23,8,23,4,4,32,41,,,,25,19,,
,,494,Pulpecja,254,13,50,23,26,26,34,21,15,21,4,24,21,,,10,50,,,
,,494,Siccarius,254,6,50,40,34,43,,46,41,,,,,,,,,,,
,,494,sorecats,254,6,150,23,22,20,30,,,,,,,,,,,9,,
,,498,baggioka,253,13,50,26,20,7,46,8,21,2,15,34,31,,,,25,,6,
,,498,BeetleJuice,253,5,105,,,,,,,,,31,32,,75,10,,,,
,,500,Adrianobf,252,7,90,20,7,26,23,,,,,31,55,,,,,,,
,,500,Rolls.Royal,252,5,125,,,,,,,15,34,36,42,,,,,,,
,,502,BureRF,251,5,105,,,,,,,,,42,34,,,,10,,60,
,,502,HomerJr,251,5,125,,,,,34,23,,,36,,,,,,33,,
,,502,Agnsild,251,5,125,,,7,46,,,27,46,,,,,,,,,
,,505,Oleksandr,250,3,180,,,,,,,,,29,41,,,,,,,
,,505,spaceport,250,4,150,,,,,27,46,,27,,,,,,,,,
,,507,riccccc,249,3,140,69,40,,,,,,,,,,,,,,,
,,508,M-L-E,248,6,50,,,,,27,46,41,34,,,,50,,,,,
,,509,t0mk0t,247,4,140,,27,34,46,,,,,,,,,,,,,
,,509,mzotkiew,247,2,220,27,,,,,,,,,,,,,,,,
,,509,Fingerzam,247,2,220,,,,,27,,,,,,,,,,,,
,,512,chefung,246,12,50,23,26,30,23,27,23,8,34,32,24,,,,,,20,
,,512,HansBugge,246,11,90,,15,23,34,8,23,4,2,24,27,,,,10,,,
,,512,Monik,246,15,90,20,7,23,26,15,21,8,21,12,21,,,10,10,19,24,
,,515,Nostradamus5321,245,4,125,,,,,,,,,36,47,,,,,37,,
,,515,Xsn,245,4,150,,,,,,,27,46,,22,,,,,,,
,,517,Joppur,244,12,50,1,7,30,20,4,27,27,46,22,22,,,,,,17,
,,518,Froggy42,242,10,90,15,26,26,22,,,,,21,17,,,,25,12,3,
,,518,dmhalford,242,12,90,11,22,23,30,21,4,8,23,22,8,,,,,,4,
,,518,Frygian,242,6,125,,11,23,23,,,,,24,36,,,,,,,
,,518,JakubUhlir,242,6,125,30,26,,,21,15,,,,,,,,25,,,
,,522,DanWins,241,8,,23,34,43,30,27,27,34,23,,,,,,,,,
,,522,Fullynice,241,12,50,22,23,22,20,15,27,27,21,34,36,,,,,12,,
,,522,lol1,241,3,150,,,,,,,,,27,64,,,,,,,
,,525,vbogoev,240,11,,,27,34,22,27,23,27,34,31,37,,,,,19,1,
,,525,Chuckles_the_second,240,1,,240,,,,,,,,,,,,,,,,
,,525,HealingAura,240,1,240,,,,,,,,,,,,,,,,,
,,528,Sengir80,239,5,50,27,46,69,47,,,,,,,,,,,,,
,,528,Vegeta4791,239,13,90,20,7,20,1,27,21,8,2,4,21,,,30,10,,,
,,528,Talbatross,239,5,125,40,26,,,27,21,,,,,,,,,,,
,,528,Selya,239,5,125,7,27,34,46,,,,,,,,,,,,,
,,532,LeSauvage,237,8,90,26,22,23,23,,,,,8,21,,,,,,24,
,,533,AndriiN,236,8,50,,,,,8,21,15,34,27,55,,,,,26,,
,,533,Bigwellow,236,11,50,22,23,26,23,15,21,4,27,31,34,,,,,,,
,,535,Dvd75,234,9,90,22,11,26,23,4,8,27,27,,,,,,,,,
,,535,MeteorisVulcanus,234,6,125,,,,,,4,15,21,31,38,,,,,,,
,,537,Snatser,232,7,50,34,,27,26,47,,27,21,,,,,,,,,
,,537,BeatrixAnd,232,6,,,,27,46,,,27,69,22,41,,,,,,,
,,539,Dienekes,231,14,90,20,4,23,22,4,4,4,15,21,6,,,30,10,9,,
,,539,Dienekes,231,14,90,20,4,23,22,4,4,4,15,21,6,,,30,10,9,,
,,539,Balquaz,231,6,50,26,30,23,,55,47,,,,,,,,,,,
,,542,Evron,230,6,105,,,,,4,27,46,,36,,,,,,12,,
,,542,Raistlin3m,230,1,,,,,,,,,,,,,,,,230,,
,,544,Masterchief,228,3,140,,,,,,,,,41,47,,,,,,,
,,545,Nealio,227,5,105,,,,,27,34,27,,34,,,,,,,,
,,545,Rockoccodrillo,227,5,105,34,40,22,26,,,,,,,,,,,,,
,,545,Pelej,227,3,125,,,,,,,,,,,,,,10,,92,
,,548,mahlerian_shadow,226,8,90,,,,,15,23,8,21,19,6,,,,,,44,
,,548,JCleek,226,4,,80,69,43,34,,,,,,,,,,,,,
,,548,Charcutero,226,6,105,,,4,20,,,,,50,37,,,,10,,,
,,548,Slavica,226,4,125,,,,,,,,,42,29,,,30,,,,
,,552,Borman,225,3,150,,,,,,,,,41,34,,,,,,,
,,552,Crs,225,11,90,22,22,30,22,21,2,2,8,,,,,,10,,2,
,,552,TrilceAC,225,2,,,,,,,,,,,,,,,10,,215,
,,555,Francesco1812,224,14,50,11,23,26,26,27,27,23,8,22,17,,,,10,15,12,
,,555,Bromios,224,3,150,,,,,,,,,27,47,,,,,,,
,,557,micropip,223,13,50,26,23,26,23,27,27,21,15,,,,,10,10,14,17,
,,557,SerBaldur,223,7,,34,40,34,20,34,27,34,,,,,,,,,,
,,557,Proteus,223,7,50,26,23,22,34,,,,,31,37,,,,,,,
,,557,Davidmel,223,6,105,11,23,,,27,21,,,36,,,,,,,,
,,557,pdx,223,7,125,,,,,23,2,4,8,34,27,,,,,,,
,,562,Alessannr,222,5,105,43,22,30,22,,,,,,,,,,,,,
,,563,JensIV,221,8,,,,7,26,,8,34,92,12,27,,,,,,15,
,,563,Cat12,221,3,150,,,,,,,,,37,34,,,,,,,
,,563,Pat_the_Cat,221,2,180,,,,,,,,,41,,,,,,,,
,,566,jmw,220,6,105,23,22,26,,,,,,34,,,,,10,,,
,,566,MoreHat,220,1,220,,,,,,,,,,,,,,,,,
,,566,Enki,220,1,220,,,,,,,,,,,,,,,,,
,,566,AxelKlaar,220,1,220,,,,,,,,,,,,,,,,,
,,566,Kor,220,1,220,,,,,,,,,,,,,,,,,
,,566,Nucrus,220,1,220,,,,,,,,,,,,,,,,,
,,566,yliu386,220,1,220,,,,,,,,,,,,,,,,,
,,566,Elpiereo,220,1,220,,,,,,,,,,,,,,,,,
,,566,HLDM,220,1,220,,,,,,,,,,,,,,,,,
,,566,IdkIdcIdgaf,220,1,220,,,,,,,,,,,,,,,,,
,,566,DGMvado,220,1,220,,,,,,,,,,,,,,,,,
,,566,Mkucharz,220,1,220,,,,,,,,,,,,,,,,,
,,566,Jans,220,1,220,,,,,,,,,,,,,,,,,
,,579,akira215,218,13,50,11,23,23,23,27,23,8,27,22,2,,,,10,9,,
,,580,Buiz,217,7,50,22,22,46,40,,,,,6,31,,,,,,,
,,580,mazir,217,9,90,20,7,22,26,4,27,21,,4,,,,,,,,
,,582,HRG,216,13,50,2,27,23,23,2,4,8,27,29,8,,,10,,,27,
,,582,The_Law,216,11,50,7,30,26,23,2,8,23,8,32,24,,,,,,,
,,584,Chriiiss,215,11,50,11,22,26,26,15,23,4,2,19,34,,,,,,,
,,584,javimb89,215,14,50,20,4,22,30,2,8,21,4,12,36,,,10,10,24,,
,,586,RedMadMike,214,9,,,2,30,22,15,34,41,34,21,17,,,,,,,
,,586,thomas.h.hoff,214,9,50,30,22,20,23,8,2,15,46,,,,,,,,,
,,588,Gr33ny,213,11,90,22,2,15,20,15,23,2,4,22,6,,,,,,,
,,589,Unterjochen,212,6,,,,27,34,,,27,46,,41,,,,,,37,
,,589,Abenteurer86,212,4,105,23,34,,,,,,,,,,,,50,,,
,,589,Andrew_Davidson,212,4,125,26,46,,15,,,,,,,,,,,,,
,,592,Caracalla,211,11,90,11,20,1,27,21,4,15,21,2,6,,,,,,,
,,592,BemuthBambai,211,3,105,,,,,,,,,42,64,,,,,,,
,,594,gigi lamoroso,210,2,150,,,,,,,,,,,,,60,,,,
,,595,Sapiocek,209,5,125,,,,,2,,,,27,,,45,,10,,,
,,595,Likas11,209,3,150,,,,,,,,,27,32,,,,,,,
,,597,Mejdzr,208,7,50,23,23,30,34,,,,,27,21,,,,,,,
,,597,SnowGolem,208,11,90,4,22,20,20,4,2,8,21,8,19,,,,,,,
,,597,Maharaj_JD,208,4,105,,,,,8,,,,31,64,,,,,,,
,,597,refs,208,3,125,,,,,,,,,36,47,,,,,,,
,,597,Menno,208,4,180,20,,,,4,4,,,,,,,,,,,
,,602,Claudius74,207,13,50,15,23,22,22,8,23,8,21,6,31,,,,,10,5,
,,602,LukeSpraywalker,207,10,90,2,4,23,20,8,27,21,,8,,,,,10,,,
,,604,betweenworlds,206,13,50,20,7,34,40,2,8,21,8,12,19,,,10,10,,,
,,604,fli_pao,206,7,105,23,20,,,21,8,,8,21,,,,,,,,
,,604,Jesaphi,206,7,105,7,22,20,4,,,,,17,31,,,,,,,
,,607,Kaczas,205,3,90,,,,,,,,,60,55,,,,,,,
,,608,bzburnin,204,9,50,26,26,23,22,2,4,,,29,24,,,,,,,
,,608,qhung49,204,8,50,40,23,15,26,21,,27,2,,,,,,,,,
,,608,gpeter63,204,4,125,30,26,23,,,,,,,,,,,,,,
,,608,Dragonheard4,204,3,140,30,34,,,,,,,,,,,,,,,
,,608,Naval,204,2,140,,,,,,,,,64,,,,,,,,
,,613,Quokka,202,4,105,,,,,,,,,50,37,,,10,,,,
,,613,xeveli,202,8,90,11,20,26,22,8,,,8,17,,,,,,,,
,,613,Birnenschorsch,202,2,180,,,,,,,,,22,,,,,,,,
,,616,Happykitten,200,6,50,40,26,30,20,34,,,,,,,,,,,,
,,617,Strawer_1982,199,8,,26,30,30,34,21,27,23,8,,,,,,,,,
,,617,JeroenSchreurs,199,5,125,20,27,22,,,,,,,,,,,,5,,
,,619,Gandy,198,3,125,,,,,,,,,31,42,,,,,,,
,,619,shiro0405,198,3,150,,,,,,,,,24,24,,,,,,,
,,621,DeZet,197,10,90,20,7,20,7,4,15,21,15,,,,,,,9,,
,,621,Pripek,197,3,140,27,30,,,,,,,,,,,,,,,
,,623,deluks917,196,4,50,95,,,,41,,,,,,,,,10,,,
,,623,Exile,196,7,90,22,22,23,23,,,,,4,12,,,,,,,
,,623,Stobek,196,3,140,26,30,,,,,,,,,,,,,,,
,,623,GangwonTeacher,196,3,150,,,,,,,,,36,,,,,10,,,
,,627,AsKier,195,8,90,,,,,15,21,8,23,22,6,,,,,,10,
,,627,Thyrus,195,8,90,,11,23,23,15,21,4,8,,,,,,,,,
,,629,Rick80,194,8,90,,,,,8,4,15,23,17,19,,,,,,18,
,,629,Dzsabo,194,6,90,,,,,,8,27,23,29,17,,,,,,,
,,631,Jolli,193,12,20,,15,26,22,15,21,8,23,37,29,,,,10,,2,
,,631,metternich,193,11,90,7,20,22,20,2,2,4,4,22,8,,,,,,,
,,631,zackg,193,7,90,7,20,22,22,,,,,8,24,,,,,,,
,,631,sbronzisjhonson,193,7,90,30,22,20,23,4,4,,,,,,,,,,,
,,631,Partyshank,193,8,125,,,,,8,21,2,2,6,19,,,10,,,,
,,636,Polldrake,191,7,90,,,,,8,21,15,27,8,22,,,,,,,
,,636,ConquistadorColumbus,191,5,90,23,26,30,22,,,,,,,,,,,,,
,,638,KorXo,190,10,50,11,22,26,20,15,23,8,23,,6,,,,,,,
,,638,Garban7,190,7,50,20,20,7,22,,,,,42,29,,,,,,,
,,638,Everex,190,9,90,22,20,26,22,2,,,2,4,4,,,,,,,
,,638,BlaueElise,190,6,105,40,20,2,,21,,,2,,,,,,,,,
,,642,ScoliopusB,189,4,,59,69,,,27,34,,,,,,,,,,,
,,643,Drk,188,8,,11,23,22,26,41,27,23,15,,,,,,,,,
,,643,Horsard,188,4,150,,,,,,,,8,6,24,,,,,,,
,,645,AXL79,186,2,140,46,,,,,,,,,,,,,,,,
,,646,greyshade,185,9,50,1,7,22,22,4,,,,27,31,,,,,,22,
,,646,mlaticka_martanek,185,2,,,,,,100,85,,,,,,,,,,,
,,646,Runawaaayyy,185,2,125,,,,,,,,,,,,,60,,,,
,,646,Prashanth,185,3,125,,,,,,,,,31,29,,,,,,,
,,650,jingjing123,184,8,,,,,4,,,4,27,70,37,,,,10,5,27,
,,650,FenPlays,184,6,,,,,15,,8,46,47,32,36,,,,,,,
,,650,peppe76,184,7,50,7,22,22,30,,,,,17,36,,,,,,,
,,653,Cresspahl,183,3,105,,,,,,,,,36,42,,,,,,,
,,653,FunkyLere,183,4,,,,,,27,46,55,55,,,,,,,,,
,,653,dim,183,3,105,,,,,,,,,41,37,,,,,,,
,,653,Gerti,183,3,105,,,,,,,,,36,42,,,,,,,
,,653,buttoxide,183,3,125,,,,27,,,,,31,,,,,,,,
,,658,Kruch,182,11,105,20,7,22,22,2,2,2,2,2,2,,,,,,,
,,659,tongtong,181,2,140,,,,,,,,,41,,,,,,,,
,,660,SeanHandley,180,4,125,,,,,,,,,27,24,,,,,,4,
,,660,kev5047,180,7,105,,,,,8,8,21,2,12,24,,,,,,,
,,660,Haubentaucherwelpe,180,1,180,,,,,,,,,,,,,,,,,
,,660,KrwawyPysio,180,1,180,,,,,,,,,,,,,,,,,
,,660,Royalhawk,180,1,180,,,,,,,,,,,,,,,,,
,,660,Iwego,180,1,180,,,,,,,,,,,,,,,,,
,,660,Henstein,180,1,180,,,,,,,,,,,,,,,,,
,,660,Vandal,180,1,180,,,,,,,,,,,,,,,,,
,,660,MattM,180,1,180,,,,,,,,,,,,,,,,,
,,660,dulbbong,180,1,180,,,,,,,,,,,,,,,,,
,,660,zoiedberg,180,1,180,,,,,,,,,,,,,,,,,
,,660,Nuzzoloo95,180,1,180,,,,,,,,,,,,,,,,,
,,660,Alistxi,180,1,180,,,,,,,,,,,,,,,,,
,,660,Barnstormer,180,1,180,,,,,,,,,,,,,,,,,
,,660,Voidray,180,1,180,,,,,,,,,,,,,,,,,
,,660,Traumatan,180,1,180,,,,,,,,,,,,,,,,,
,,676,bambi4,179,7,90,,,,,23,8,21,8,8,21,,,,,,,
,,676,broskiumenyiora,179,4,90,,,,,,,,,31,55,,,,,,3,
,,678,mooscolly,178,9,50,7,,,,4,15,23,15,27,29,,,,,,12,
,,678,Biggi86,178,4,105,,,,,,,,,21,2,,50,,,,,
,,678,Boogeli,178,3,105,,,,,27,46,,,,,,,,,,,
,,678,Medicus,178,3,105,,,,,,,,,36,37,,,,,,,
,,678,Bulb,178,3,125,,,,,,,,,22,31,,,,,,,
,,678,Ilidur,178,3,125,,,,,,,,,12,41,,,,,,,
,,678,eggmancs,178,3,125,,,,,,,,,22,31,,,,,,,
,,685,HeartBreakKid,177,2,150,,,,,27,,,,,,,,,,,,
,,686,Taeveren,176,6,50,,,,,,27,21,8,36,34,,,,,,,
,,686,Shiffdog,176,6,90,,,,,,4,15,23,17,27,,,,,,,
,,686,sausagesky,176,3,125,,,,,,,,,24,27,,,,,,,
,,689,claxic,175,2,150,,,,,,,,,,,,,,25,,,
,,690,marizee412,174,13,50,2,11,22,20,21,8,21,4,8,19,,,10,10,,,
,,691,gulper,172,5,105,,,2,15,,27,,23,,,,,,,,,
,,692,Rabus,171,3,125,23,23,,,,,,,,,,,,,,,
,,692,dannymcbride,171,3,125,,,,,,,,,22,24,,,,,,,
,,694,Drizzt84,169,5,90,11,22,26,20,,,,,,,,,,,,,
,,694,joniboni,169,3,105,,,,,,,,,27,37,,,,,,,
,,694,humanmoves,169,3,125,,,,,,,,,17,27,,,,,,,
,,694,Nevic,169,3,140,,,,,,,,,21,8,,,,,,,
,,698,tiffelvet,168,3,125,,,,,,,,,21,22,,,,,,,
,,699,DaemonCleaner,167,3,,,,,,,,,,47,65,,55,,,,,
,,700,weed14,166,9,,23,20,20,,21,15,21,27,19,,,,,,7,,
,,700,LordHomeOffice,166,4,,47,43,30,46,,,,,,,,,,,,,
,,700,mikey1nt,166,6,50,7,34,43,,,,,,22,,,,,10,,,
,,703,layze23,165,3,105,,,,,,,,,,,,50,,10,,,
,,703,Fapoleon,165,2,150,15,,,,,,,,,,,,,,,,
,,703,gregt,165,1,,,,,,,,165,,,,,,,,,,
,,706,Rossonerix10x,164,6,90,15,20,,,21,,,,,,,,,10,8,,
,,707,Bedrich_H,163,9,50,11,20,7,22,23,8,21,8,,,,,,,,,
,,707,BGTigger,163,7,50,7,20,20,1,,,,,31,34,,,,,,,
,,707,Enas,163,3,105,,,,,,,,,27,31,,,,,,,
,,707,VikingLeif,163,2,,43,,,,,,,,,,,,120,,,,
,,711,demainlesdauphins,162,8,,,,11,46,,15,27,21,12,21,,,,,,9,
,,711,matti5215,162,10,105,2,20,7,22,2,2,2,2,,1,,,,,,,
,,713,ElTanque35,161,5,,,,11,34,,15,46,55,,,,,,,,,
,,713,ZacDeMundo,161,7,50,20,11,22,22,,,,,6,,,,30,,,,
,,713,Kermit19,161,3,105,,,,,,,,,,34,,,,,,22,
,,713,Mikeski,161,3,125,,,,,,,,,12,24,,,,,,,
,,717,irule,160,7,50,,,,27,,4,8,27,17,27,,,,,,,
,,717,Hanthelmor,160,6,90,22,22,20,,4,2,,,,,,,,,,,
,,717,Onlineguy,160,2,150,,,,,,,,,,,,,,10,,,
,,717,Darkksun,160,2,150,,,,,,,,,,,,,,10,,,
,,721,Dunketelin,159,7,90,20,4,20,20,,,,,4,1,,,,,,,
,,721,HolyOutlaw,159,7,90,,,,,2,2,4,15,24,22,,,,,,,
,,721,Vanilla,159,3,125,,,4,30,,,,,,,,,,,,,
,,724,Kozzilla,158,9,50,22,20,,,2,,4,4,12,36,,,,10,,,
,,724,PacoHolliday,158,7,50,20,4,20,4,,,,,24,36,,,,,,,
,,724,EugeneB,158,3,125,,,,,,,,,21,12,,,,,,,
,,724,Metz63,158,2,150,,,,,8,,,,,,,,,,,,
,,728,marcusesses1,157,4,105,,,,,27,23,,2,,,,,,,,,
,,729,Piotr33,156,4,50,,,,,46,41,,,19,,,,,,,,
,,729,wirymen,156,3,150,,,,,4,2,,,,,,,,,,,
,,731,Midyat,155,3,125,,,,,,,,,8,22,,,,,,,
,,732,Giga,154,4,,52,,,,41,34,27,,,,,,,,,,
,,732,Helen-the-great,154,3,105,,,,,,,,,27,22,,,,,,,
,,734,ClaridadNocturna,153,7,50,4,26,22,22,,,,,8,21,,,,,,,
,,734,Albino,153,4,90,15,26,22,,,,,,,,,,,,,,
,,734,Ananasantti,153,4,105,22,22,,,4,,,,,,,,,,,,
,,734,taltal,153,3,105,,,,,,,,,24,24,,,,,,,
,,734,woodabooga,153,3,125,,,,,,,,,22,6,,,,,,,
,,739,Backburner,152,2,125,,,,,27,,,,,,,,,,,,
,,740,RiRu,151,7,50,,,2,4,,,,,31,37,,,,10,17,,
,,740,IrenaX,151,12,50,2,22,20,20,2,4,4,2,6,19,,,,10,,,
,,740,PiotrekB,151,4,,30,34,47,40,,,,,,,,,,,,,
,,740,theChony,151,2,125,26,,,,,,,,,,,,,,,,
,,744,tanman,150,9,50,20,11,20,7,4,15,23,4,,,,,,,,,
,,744,Seppel,150,5,50,,,,,27,23,27,23,,,,,,,,,
,,744,TEPBEP,150,3,90,34,26,,,,,,,,,,,,,,,
,,744,JSauve,150,1,150,,,,,,,,,,,,,,,,,
,,744,Psynergist,150,1,150,,,,,,,,,,,,,,,,,
,,744,NapoleonB,150,1,150,,,,,,,,,,,,,,,,,
,,744,BoB94,150,1,150,,,,,,,,,,,,,,,,,
,,744,smollov,150,1,150,,,,,,,,,,,,,,,,,
,,744,Devius,150,1,150,,,,,,,,,,,,,,,,,
,,744,florian629,150,1,150,,,,,,,,,,,,,,,,,
,,744,Andiii,150,1,150,,,,,,,,,,,,,,,,,
,,744,Diaz,150,1,150,,,,,,,,,,,,,,,,,
,,756,Jaja,149,5,105,,,,,2,4,15,23,,,,,,,,,
,,756,stripe999,149,3,105,22,22,,,,,,,,,,,,,,,
,,758,BerdBlond,148,7,105,,,,,4,4,4,8,21,2,,,,,,,
,,759,icepick_mn,147,3,105,,,,,,,,,6,36,,,,,,,
,,760,Michal_Kossakowski,146,3,105,,,,,,,,,17,24,,,,,,,
,,760,CrushU,146,2,105,,,,,,,,,41,,,,,,,,
,,760,pigfans,146,1,,,,,,,,,,,,,,,,,146,
,,763,FunkcniPC,145,3,90,,,,,,,,,24,31,,,,,,,
,,763,JeJenan,145,2,,,,,,,,,,,,,,120,25,,,
,,765,PontiusPilatus,144,3,50,47,,,,47,,,,,,,,,,,,
,,765,Igordol,144,5,105,,,,1,15,21,2,,,,,,,,,,
,,765,Gabilou,144,3,105,,,,,,,,,22,17,,,,,,,
,,765,McNeil,144,2,140,,,,,,4,,,,,,,,,,,
,,769,RJonkers,142,7,50,,,,,21,4,8,21,17,21,,,,,,,
,,769,Brickmarck,142,4,105,,,,,21,8,8,,,,,,,,,,
,,769,M.T,142,2,125,,,,,,,,,,17,,,,,,,
,,772,KapitanTom,141,7,50,,,,,23,27,21,4,4,12,,,,,,,
,,772,methak,141,5,90,,,,,,15,23,4,,,,,,,9,,
,,772,tysat,141,4,105,,,,,,,,2,12,22,,,,,,,
,,772,Igelkotten,141,3,105,,,,,,,,,12,24,,,,,,,
,,772,Martin2021,141,3,125,,,,15,,,,,1,,,,,,,,
,,777,Schallers3000,140,4,50,23,20,,,47,,,,,,,,,,,,
,,777,Pieroz88,140,2,,,,,,,,,,65,75,,,,,,,
,,777,Pack,140,1,140,,,,,,,,,,,,,,,,,
,,777,Blackbolt53,140,1,140,,,,,,,,,,,,,,,,,
,,777,meleke,140,1,140,,,,,,,,,,,,,,,,,
,,777,SaMatra,140,1,140,,,,,,,,,,,,,,,,,
,,777,Rychlik,140,1,140,,,,,,,,,,,,,,,,,
,,777,Cmacu,140,1,140,,,,,,,,,,,,,,,,,
,,777,satur,140,1,140,,,,,,,,,,,,,,,,,
,,777,ranch99,140,1,140,,,,,,,,,,,,,,,,,
,,777,Machote,140,1,140,,,,,,,,,,,,,,,,,
,,777,GedoMazo,140,1,140,,,,,,,,,,,,,,,,,
,,777,Biancus,140,1,140,,,,,,,,,,,,,,,,,
,,790,Ayakonutty,139,3,105,,,,,,,,,12,22,,,,,,,
,,791,Scurvydraco,138,3,90,,,,,27,21,,,,,,,,,,,
,,791,nosnah,138,7,50,2,20,20,,15,21,,,,,,,,10,,,
,,793,Garghiii,137,7,,,,26,23,,,23,8,17,24,,,,,,16,
,,794,Torneedo,136,2,125,,,,,,,,,,,,,,,11,,
,,795,vgiannog,135,3,90,,,,,,,,,24,21,,,,,,,
,,795,KubikD,135,3,105,,,,,,,,,6,24,,,,,,,
,,795,BedrockLP,135,2,125,,,,,,,,,,,,,,10,,,
,,795,YSun,135,2,125,,,,,,,,,,,,,,10,,,
,,799,Momomillion,134,4,,,,27,46,,,15,46,,,,,,,,,
,,799,Spriteule,134,4,90,,,,,27,,,,,,,,10,,,7,
,,801,bobcatbob,132,14,50,4,22,20,4,2,2,4,2,4,2,,,10,10,12,,
,,801,EmiratesOfHacan,132,4,,30,34,34,34,,,,,,,,,,,,,
,,801,rstrack,132,3,90,15,,,,27,,,,,,,,,,,,
,,804,J-dog,131,7,50,20,7,20,7,,,,,6,21,,,,,,,
,,804,TBC,131,2,90,,,,,,,,,41,,,,,,,,
,,806,Dimitris,130,11,50,4,20,20,20,2,8,2,4,2,4,,,,,,,
,,806,TAOxEagle,130,4,50,20,,,,,,,,24,36,,,,,,,
,,806,KrolKarol,130,3,105,15,,,,,,,,,,,,,10,,,
,,809,richardhell,129,4,,,,15,34,,,,,29,51,,,,,,,
,,809,fraction,129,2,125,,,,,,,,,4,,,,,,,,
,,811,NRoy,128,7,,,,4,22,,15,27,21,12,27,,,,,,,
,,811,FabioBE81,128,9,20,22,11,23,34,8,8,2,2,,,,,,,,,
,,811,Izio,128,8,50,1,2,20,20,,,,,19,6,,,10,,,,
,,811,Megatron,128,2,105,,,,,23,,,,,,,,,,,,
,,815,Grogmir,127,2,,75,52,,,,,,,,,,,,,,,
,,816,RudyRunner666,126,3,,52,,,27,47,,,,,,,,,,,,
,,816,Woodenman,126,3,,59,40,,,27,,,,,,,,,,,,
,,816,MarcoM,126,4,90,,,,1,,,,,8,27,,,,,,,
,,816,Robson_Ponte,126,2,105,,,,,21,,,,,,,,,,,,
,,820,mindphaser,125,9,50,1,15,22,20,4,4,,,,4,,,,,6,,
,,820,vratia,125,12,20,7,20,20,2,23,2,2,2,6,19,,,10,,,,
,,820,Valec,125,6,,,7,22,30,,,,,12,24,,,30,,,,
,,820,Puren94,125,1,125,,,,,,,,,,,,,,,,,
,,820,beecu,125,1,125,,,,,,,,,,,,,,,,,
,,820,aoe2champ,125,1,125,,,,,,,,,,,,,,,,,
,,820,danielusuga,125,1,125,,,,,,,,,,,,,,,,,
,,820,Kvist,125,1,125,,,,,,,,,,,,,,,,,
,,820,Petardillo,125,1,125,,,,,,,,,,,,,,,,,
,,820,samgreco,125,1,125,,,,,,,,,,,,,,,,,
,,820,yhw,125,1,125,,,,,,,,,,,,,,,,,
,,820,Ferguse72,125,1,125,,,,,,,,,,,,,,,,,
,,820,Bravo,125,1,125,,,,,,,,,,,,,,,,,
,,820,CardinalBadger,125,1,125,,,,,,,,,,,,,,,,,
,,820,LukeHeinz57,125,1,125,,,,,,,,,,,,,,,,,
,,820,Valsim,125,1,125,,,,,,,,,,,,,,,,,
,,820,jratana1,125,1,125,,,,,,,,,,,,,,,,,
,,820,traskmania,125,1,125,,,,,,,,,,,,,,,,,
,,820,Covid_19,125,1,125,,,,,,,,,,,,,,,,,
,,820,Neptian,125,1,125,,,,,,,,,,,,,,,,,
,,820,ElDiabloAzul,125,1,125,,,,,,,,,,,,,,,,,
,,820,JohnyT,125,1,125,,,,,,,,,,,,,,,,,
,,820,PyBel,125,1,125,,,,,,,,,,,,,,,,,
,,820,pablocg,125,1,125,,,,,,,,,,,,,,,,,
,,820,Maciej,125,1,125,,,,,,,,,,,,,,,,,
,,820,Pika07,125,1,125,,,,,,,,,,,,,,,,,
,,820,Allmrak,125,1,,,,,,,,,,125,,,,,,,,
,,847,Cyrus_j2s,124,3,90,4,30,,,,,,,,,,,,,,,
,,847,sirlenon,124,3,90,,,,,,,,,12,22,,,,,,,
,,847,botenmaru82,124,2,105,,,,,,,,,19,,,,,,,,
,,850,maunzzz,123,6,,,,27,22,,,8,27,17,22,,,,,,,
,,850,Andreyko2003,123,3,90,,,,,,,,,6,27,,,,,,,
,,850,Ragnard,123,3,90,,,,,,,,,21,12,,,,,,,
,,853,MaxBoomer,122,3,90,,,,,,,,,22,,,,,10,,,
,,853,Rajasands,122,3,90,,,,,,,,,8,24,,,,,,,
,,853,Geegs,122,2,105,,,,,,,,,,,,,,,17,,
,,856,JoeBa,121,5,50,22,20,,,21,8,,,,,,,,,,,
,,856,Schedar,121,2,90,,,,,,,,,,31,,,,,,,
,,858,Francis88,120,7,,,,15,30,,2,15,23,8,27,,,,,,,
,,858,Nicks,120,4,,20,7,46,47,,,,,,,,,,,,,
,,858,Maukka,120,3,90,22,,,,8,,,,,,,,,,,,
,,858,Moxielle,120,3,90,,,,,,,,,8,22,,,,,,,
,,858,Chrono_,120,3,90,,,,,,,,,8,22,,,,,,,
,,858,Pirigin,120,2,105,15,,,,,,,,,,,,,,,,
,,858,MichalJar,120,2,105,,,,,,15,,,,,,,,,,,
,,865,CuteAnn,119,3,90,,,,,,,,,8,21,,,,,,,
,,866,Jocik,117,3,90,,,,,,,,,21,6,,,,,,,
,,866,Amarok,117,3,90,,,,,,,,,6,21,,,,,,,
,,868,Wiktor,116,7,50,,,,,8,21,8,15,2,12,,,,,,,
,,869,Clue72,115,3,,,,,,55,41,,,,,,,,,,19,
,,869,torstenk,115,6,,,15,30,30,,15,21,4,,,,,,,,,
,,869,Kojtic,115,2,105,,,,,,,,,,,,,,10,,,
,,872,Vinny6060,114,5,50,1,7,30,26,,,,,,,,,,,,,
,,872,littlesquirrel,114,2,,,,,,,,,,34,80,,,,,,,
,,874,SullyWully,113,3,105,,,,,,,,,4,4,,,,,,,
,,875,Ti-Guy_Latour,110,4,,23,30,23,34,,,,,,,,,,,,,
,,875,AnBeLi3v4bLe,110,11,50,20,2,1,2,2,2,2,8,4,22,,,,,,,
,,877,andykr,109,3,90,,,,,,,,,2,17,,,,,,,
,,877,Daze,109,3,90,,,,,,,,,2,17,,,,,,,
,,879,Icarium,108,12,50,20,1,2,2,8,4,4,8,2,4,,,,10,,,
,,880,Jacko65,107,7,50,20,4,20,7,,,,,4,2,,,,,,,
,,881,Asperins,106,3,90,,,,,,,,,4,12,,,,,,,
,,881,Tonino,106,9,50,,,,1,8,2,2,4,6,24,,,,10,,,
,,881,Rebel_Rebs,106,5,,,,,,,27,27,21,12,19,,,,,,,
,,881,GamesClaw,106,6,,,,,,27,21,2,2,27,27,,,,,,,
,,885,GWItheUltimate,105,7,50,,,,,4,8,4,8,12,19,,,,,,,
,,885,Lennart,105,1,105,,,,,,,,,,,,,,,,,
,,885,Bahul,105,1,105,,,,,,,,,,,,,,,,,
,,885,Ockham,105,1,105,,,,,,,,,,,,,,,,,
,,885,ConorS,105,1,105,,,,,,,,,,,,,,,,,
,,885,jerre8,105,1,105,,,,,,,,,,,,,,,,,
,,885,PedrinhoPT,105,1,105,,,,,,,,,,,,,,,,,
,,885,Sprox,105,1,105,,,,,,,,,,,,,,,,,
,,885,RainyDay,105,1,105,,,,,,,,,,,,,,,,,
,,885,Bricks718,105,1,105,,,,,,,,,,,,,,,,,
,,885,mythianan,105,1,105,,,,,,,,,,,,,,,,,
,,885,rslyzc,105,1,105,,,,,,,,,,,,,,,,,
,,885,Luedegast,105,1,105,,,,,,,,,,,,,,,,,
,,885,Sheepstealer,105,1,105,,,,,,,,,,,,,,,,,
,,885,Guylikikipoile,105,1,105,,,,,,,,,,,,,,,,,
,,885,wejejeei,105,1,105,,,,,,,,,,,,,,,,,
,,885,DocFleischmann,105,1,105,,,,,,,,,,,,,,,,,
,,885,salvor7,105,1,105,,,,,,,,,,,,,,,,,
,,885,Emiliano,105,1,105,,,,,,,,,,,,,,,,,
,,885,mrcy,105,1,105,,,,,,,,,,,,,,,,,
,,885,Benici,105,1,105,,,,,,,,,,,,,,,,,
,,885,Melingsguten,105,1,105,,,,,,,,,,,,,,,,,
,,885,Loscy,105,1,105,,,,,,,,,,,,,,,,,
,,885,Ian357,105,1,105,,,,,,,,,,,,,,,,,
,,885,Doddus,105,1,105,,,,,,,,,,,,,,,,,
,,885,Black8,105,1,105,,,,,,,,,,,,,,,,,
,,885,The_strategiser,105,1,105,,,,,,,,,,,,,,,,,
,,885,Stefan665,105,1,105,,,,,,,,,,,,,,,,,
,,885,likkle1,105,1,105,,,,,,,,,,,,,,,,,
,,885,Grishnakk,105,1,105,,,,,,,,,,,,,,,,,
,,915,RobinTheDragon,104,6,,,,11,23,,8,27,,8,27,,,,,,,
,,915,karatox,104,5,50,11,20,,,21,2,,,,,,,,,,,
,,915,TaoTeo,104,4,50,20,4,30,,,,,,,,,,,,,,
,,918,buste,103,3,,43,26,34,,,,,,,,,,,,,,
,,919,filgonfin,101,7,50,2,2,2,2,,,,,24,19,,,,,,,
,,920,ToSt,100,2,90,,,,,,,,,,,,,,10,,,
,,920,Palace,100,2,90,,,,,,,,,,,,,,10,,,
,,920,Tuisku,100,2,90,,,,,,,,,,,,,,10,,,
,,923,Dubz,99,3,50,,,,,,,,,27,22,,,,,,,
,,924,Mitchum,98,6,50,,,,,,,15,21,4,2,,,,,6,,
,,924,ssacz,98,2,90,,,,,8,,,,,,,,,,,,
,,924,cibernyam,98,3,50,,,,,21,27,,,,,,,,,,,
,,924,Nikauw,98,2,90,,,,,,,,,8,,,,,,,,
,,924,Saish,98,3,90,,,,,,,,,4,4,,,,,,,
,,924,Mirceamsc1,98,2,90,,,,,,,,,8,,,,,,,,
,,930,Samantho,97,11,20,2,20,20,23,4,4,2,2,2,4,,,,,,,
,,931,Jume,96,7,,,,2,7,,4,8,21,32,22,,,,,,,
,,931,KTown,96,4,50,,,,,,,,15,19,12,,,,,,,
,,931,kopu,96,3,,,,,,15,34,47,,,,,,,,,,
,,931,Viler,96,3,50,23,23,,,,,,,,,,,,,,,
,,931,Andreasp88,96,2,90,,,,,,,,,6,,,,,,,,
,,931,Raphi,96,2,90,,,,,,,,,,6,,,,,,,
,,937,WraightCZ,95,11,20,1,1,1,2,8,21,15,21,2,6,,,,,,,
,,937,Hampsink,95,3,90,,,,,,,,,4,1,,,,,,,
,,939,DBaker17,94,7,20,4,20,20,20,,,,,4,6,,,,,,,
,,939,redantx,94,3,50,,,,,,,,,22,22,,,,,,,
,,939,Tenebrane,94,2,90,,,,,,,,,4,,,,,,,,
,,942,Dumnac,93,7,,,1,11,22,,15,21,15,,,,,,,8,,
,,942,Rob51,93,6,,7,22,20,1,,,,,22,21,,,,,,,
,,942,jogkongTW,93,5,,22,20,22,,8,21,,,,,,,,,,,
,,942,thelittlejim,93,3,50,23,20,,,,,,,,,,,,,,,
,,946,Hashlerka,92,4,,,,,,,,27,21,8,36,,,,,,,
,,946,cultro,92,2,90,,,,,,,,,,2,,,,,,,
,,948,Jochabeth,91,5,,,11,23,23,,,,,12,22,,,,,,,
,,948,prozio,91,3,50,,,,,,,,,17,24,,,,,,,
,,950,KTMatthews,90,7,20,,,,,23,8,23,4,4,8,,,,,,,
,,950,FLOW_OF_C_H,90,1,90,,,,,,,,,,,,,,,,,
,,950,Azazelek,90,1,90,,,,,,,,,,,,,,,,,
,,950,alexruzzier,90,1,90,,,,,,,,,,,,,,,,,
,,950,aloci,90,1,90,,,,,,,,,,,,,,,,,
,,950,draxius,90,1,90,,,,,,,,,,,,,,,,,
,,950,Skarsh,90,1,90,,,,,,,,,,,,,,,,,
,,950,Diegaccio,90,1,90,,,,,,,,,,,,,,,,,
,,950,Gadgame,90,1,90,,,,,,,,,,,,,,,,,
,,950,IngussTT,90,1,90,,,,,,,,,,,,,,,,,
,,950,Gurhuntar,90,1,90,,,,,,,,,,,,,,,,,
,,950,prnv1992,90,1,90,,,,,,,,,,,,,,,,,
,,950,calatravag,90,1,90,,,,,,,,,,,,,,,,,
,,950,CRISPYBABY,90,1,90,,,,,,,,,,,,,,,,,
,,950,fas723,90,1,90,,,,,,,,,,,,,,,,,
,,950,Norgaimen,90,1,90,,,,,,,,,,,,,,,,,
,,950,Msandry,90,1,90,,,,,,,,,,,,,,,,,
,,950,Namian,90,1,90,,,,,,,,,,,,,,,,,
,,950,Hotti180,90,1,90,,,,,,,,,,,,,,,,,
,,950,Yunseok,90,1,90,,,,,,,,,,,,,,,,,
,,950,pepikos,90,1,90,,,,,,,,,,,,,,,,,
,,950,chisuru,90,1,90,,,,,,,,,,,,,,,,,
,,950,Arius,90,1,90,,,,,,,,,,,,,,,,,
,,950,nge,90,1,90,,,,,,,,,,,,,,,,,
,,950,Gardir,90,1,90,,,,,,,,,,,,,,,,,
,,950,MATADORDELMAR,90,1,90,,,,,,,,,,,,,,,,,
,,950,maciejka,90,1,90,,,,,,,,,,,,,,,,,
,,950,alibengoeroe,90,1,90,,,,,,,,,,,,,,,,,
,,950,BigAAA,90,1,90,,,,,,,,,,,,,,,,,
,,950,uday,90,1,90,,,,,,,,,,,,,,,,,
,,950,Pastiness,90,1,90,,,,,,,,,,,,,,,,,
,,950,TbeDataGuy,90,1,90,,,,,,,,,,,,,,,,,
,,982,LadyValaria,89,9,50,,,,,2,2,4,2,2,6,,,10,,13,,
,,983,pgierasi,87,3,50,,,,,27,,,,,,,,10,,,,
,,984,Jiffy,86,3,,,,,,,27,23,,,36,,,,,,,
,,984,Bonneville22,86,3,50,,,,,,,,,19,17,,,,,,,
,,986,Panxo,85,5,50,,,,4,,,8,21,2,,,,,,,,
,,986,DeNnY0810,85,5,50,1,1,,,23,,,,,,,,10,,,,
,,986,Barboucha,85,1,,,,,,,,,,,,,,,,,,85
,,989,justinkejs,84,2,50,,,,,34,,,,,,,,,,,,
,,990,Repick,83,4,20,,15,26,22,,,,,,,,,,,,,
,,990,Alexo,83,3,,22,,15,46,,,,,,,,,,,,,
,,992,Nitrosaurus24,81,7,20,4,20,20,1,,,,,4,12,,,,,,,
,,992,Elsumo,81,3,,,,,,,27,27,27,,,,,,,,,
,,992,NicolBolas,81,2,,,,,,,,,,34,47,,,,,,,
,,995,Rancho,79,3,50,,,,,8,21,,,,,,,,,,,
,,996,Zazabuzao,78,4,50,4,,4,20,,,,,,,,,,,,,
,,996,Sirovec,78,7,50,2,1,2,4,,,,,2,17,,,,,,,
,,998,ThomasM,77,4,,11,20,20,26,,,,,,,,,,,,,
,,998,szyszuniawiesz,77,3,50,,,,,,,,,6,21,,,,,,,
,,1000,Frabac,76,11,20,1,4,22,20,2,4,2,2,1,1,,,,,,,
,,1000,Bathman,76,5,,,,,7,,,8,27,12,22,,,,,,,
,,1000,ReneTTA,76,4,,,,,,,8,,15,17,36,,,,,,,
,,1000,holy834,76,3,,,,,15,,,,27,,34,,,,,,,
,,1000,Batallon,76,8,50,,,,,4,4,2,4,1,1,,,,10,,,
,,1005,mariyka,75,8,50,,,,,4,4,2,2,1,2,,,10,,,,
,,1005,JoopHuizinga,75,2,50,,,,,,,,,,,,,,25,,,
,,1005,gutibudoka,75,3,50,,,,,,,,,6,19,,,,,,,
,,1005,Swampzombie,75,1,,,,,,,75,,,,,,,,,,,
,,1009,1977dragon,74,5,,,,11,22,,8,27,,6,,,,,,,,
,,1010,Metil,73,2,50,,,,,23,,,,,,,,,,,,
,,1010,Dometcalf,73,2,50,,,,,23,,,,,,,,,,,,
,,1010,sunian,73,2,,,,,,,,,,22,51,,,,,,,
,,1013,RobertdeSable,71,3,,22,,,,,,15,34,,,,,,,,,
,,1013,Tukhachevsky,71,2,50,,,,,,,,,21,,,,,,,,
,,1013,pabula,71,2,50,,,,,,,,,21,,,,,,,,
,,1016,chen.,70,4,,,,,4,,,,8,22,36,,,,,,,
,,1016,LeBonus,70,2,,,,,,,,,,34,36,,,,,,,
,,1016,nuvolaz,70,2,50,20,,,,,,,,,,,,,,,,
,,1019,Nickeberg,69,1,,,,,,,,,69,,,,,,,,,
,,1020,BelieveDream,68,2,,,,,,,,,,17,51,,,,,,,
,,1021,tiagosilva,67,4,20,23,20,,,4,,,,,,,,,,,,
,,1022,FabioMP,66,9,20,2,1,4,20,,,2,2,6,,,,,10,,,
,,1022,Glamdring,66,6,50,2,4,,4,2,,,4,,,,,,,,,
,,1024,pj79,64,3,50,,,,,,,,,2,12,,,,,,,
,,1025,ndzwdz,63,6,20,,,,,4,8,,,4,2,,,,25,,,
,,1025,FrancoisFerdinand,63,3,,,11,26,26,,,,,,,,,,,,,
,,1025,xyx,63,2,,,,,,,,,,22,41,,,,,,,
,,1025,Noa1,63,2,,,,,,,,,,22,41,,,,,,,
,,1025,lcj,63,2,,,,,,,,,,22,41,,,,,,,
,,1025,Ratsia,63,2,50,,,,,,,,,,,,,,,13,,
,,1031,FuManchu,62,6,50,,,,,,2,4,4,1,1,,,,,,,
,,1031,Nognix,62,3,50,,,,,2,,,,,,,,,10,,,
,,1031,sdzy,62,3,50,,,,,2,,,,,,,,,10,,,
,,1031,Cromlech,62,2,50,,,,,,,,,,12,,,,,,,
,,1035,GoblinMatron,61,2,,,,27,34,,,,,,,,,,,,,
,,1036,nicg,60,2,50,,,,,,,,,,,,,,,10,,
,,1036,jhutc,60,2,,,,,,,,,,24,36,,,,,,,
,,1036,VladBenez,60,2,50,,,,,,,,,,,,,,10,,,
,,1036,Hokingfai,60,2,50,,,,,,,,,,,,,,10,,,
,,1036,Marthy,60,1,60,,,,,,,,,,,,,,,,,
,,1036,rdztfidh,60,1,,,,,,,,,,,,,,60,,,,
,,1042,GerrySalinas,59,1,,59,,,,,,,,,,,,,,,,
,,1043,Tmer,58,2,,,,,,,,,,22,36,,,,,,,
,,1043,ZwzwNzw,58,2,,,,,,,,,,22,36,,,,,,,
,,1043,fantasyyu,58,2,,,,,,,,,,17,41,,,,,,,
,,1046,jdl,56,3,20,,,,,15,21,,,,,,,,,,,
,,1046,Ankaru,56,3,50,,,,,,,,,2,4,,,,,,,
,,1048,ChipsChipsensen,55,4,,,,27,22,,,4,2,,,,,,,,,
,,1048,T.KAZ3-1,55,3,,,,,7,,,27,21,,,,,,,,,
,,1050,PIRCSUPREME,54,2,,,,,,,,27,27,,,,,,,,,
,,1050,kalev,54,4,,,,,15,,,8,27,,4,,,,,,,
,,1050,SPEEDOWAGON,54,2,50,4,,,,,,,,,,,,,,,,
,,1050,Korsus,54,2,50,,,,4,,,,,,,,,,,,,
,,1050,Raze27,54,2,50,,,,,4,,,,,,,,,,,,
,,1050,Abuceb,54,2,50,,,,,,,,4,,,,,,,,,
,,1056,Muning,53,2,,,,,,,,,,12,41,,,,,,,
,,1057,Kazan,52,2,50,,,,,2,,,,,,,,,,,,
,,1057,Vlasy,52,2,50,,,,,2,,,,,,,,,,,,
,,1059,Ilyanep,51,4,,4,20,7,20,,,,,,,,,,,,,
,,1060,BlueCardinal,50,1,50,,,,,,,,,,,,,,,,,
,,1060,OGWiseman,50,1,50,,,,,,,,,,,,,,,,,
,,1060,Jagophile,50,1,50,,,,,,,,,,,,,,,,,
,,1060,Revan,50,1,50,,,,,,,,,,,,,,,,,
,,1060,Mochi1214,50,1,50,,,,,,,,,,,,,,,,,
,,1060,HnNAdventures,50,1,50,,,,,,,,,,,,,,,,,
,,1060,gwfalcon,50,1,50,,,,,,,,,,,,,,,,,
,,1060,MikeyB,50,1,50,,,,,,,,,,,,,,,,,
,,1060,thundermain,50,1,50,,,,,,,,,,,,,,,,,
,,1060,Bora_Horsa_Gobuchul,50,1,50,,,,,,,,,,,,,,,,,
,,1060,Raq82,50,1,50,,,,,,,,,,,,,,,,,
,,1060,KingBilly,50,1,50,,,,,,,,,,,,,,,,,
,,1060,postalrat,50,1,50,,,,,,,,,,,,,,,,,
,,1060,Mensha,50,1,50,,,,,,,,,,,,,,,,,
,,1060,Bruce.Twarze,50,1,50,,,,,,,,,,,,,,,,,
,,1060,SatoruGojo,50,1,50,,,,,,,,,,,,,,,,,
,,1060,monsieurt,50,1,50,,,,,,,,,,,,,,,,,
,,1060,lzhon002,50,1,50,,,,,,,,,,,,,,,,,
,,1060,rrobby,50,1,50,,,,,,,,,,,,,,,,,
,,1060,ZappBranigan,50,1,50,,,,,,,,,,,,,,,,,
,,1060,Goth444,50,1,50,,,,,,,,,,,,,,,,,
,,1060,Togodomus,50,1,50,,,,,,,,,,,,,,,,,
,,1060,schumaky,50,1,50,,,,,,,,,,,,,,,,,
,,1060,DrDuff,50,1,50,,,,,,,,,,,,,,,,,
,,1060,danjoy72,50,1,50,,,,,,,,,,,,,,,,,
,,1060,Holtykins,50,1,50,,,,,,,,,,,,,,,,,
,,1060,Xela1988,50,1,50,,,,,,,,,,,,,,,,,
,,1060,Drako,50,1,50,,,,,,,,,,,,,,,,,
,,1060,minzent,50,1,50,,,,,,,,,,,,,,,,,
,,1060,Left-fire-egg,50,1,50,,,,,,,,,,,,,,,,,
,,1060,TuZhao,50,1,50,,,,,,,,,,,,,,,,,
,,1060,Foxxx,50,1,50,,,,,,,,,,,,,,,,,
,,1060,Nomade,50,1,50,,,,,,,,,,,,,,,,,
,,1060,Oyvind,50,1,50,,,,,,,,,,,,,,,,,
,,1060,samlives,50,1,50,,,,,,,,,,,,,,,,,
,,1060,Calamar,50,1,50,,,,,,,,,,,,,,,,,
,,1060,MechJayTi2,50,1,50,,,,,,,,,,,,,,,,,
,,1060,LeonardoDaVinci016,50,1,50,,,,,,,,,,,,,,,,,
,,1060,olawaco,50,1,50,,,,,,,,,,,,,,,,,
,,1060,RAKoS,50,1,50,,,,,,,,,,,,,,,,,
,,1060,Adrianucho,50,1,50,,,,,,,,,,,,,,,,,
,,1060,Titiman,50,1,50,,,,,,,,,,,,,,,,,
,,1060,OffDutyDad,50,1,50,,,,,,,,,,,,,,,,,
,,1060,Blahu,50,1,50,,,,,,,,,,,,,,,,,
,,1060,Vyzvejkanec,50,1,50,,,,,,,,,,,,,,,,,
,,1060,Vaalna,50,1,50,,,,,,,,,,,,,,,,,
,,1060,LuisPerdomo,50,1,50,,,,,,,,,,,,,,,,,
,,1060,IndieErikJones,50,1,50,,,,,,,,,,,,,,,,,
,,1060,aramaic,50,1,50,,,,,,,,,,,,,,,,,
,,1060,IsleOfDick,50,1,50,,,,,,,,,,,,,,,,,
,,1060,JakubZGandalfova,50,1,50,,,,,,,,,,,,,,,,,
,,1060,Stevenlan90,50,1,50,,,,,,,,,,,,,,,,,
,,1060,FRadar,50,1,50,,,,,,,,,,,,,,,,,
,,1060,thebigcheese,50,1,50,,,,,,,,,,,,,,,,,
,,1060,opk,50,1,50,,,,,,,,,,,,,,,,,
,,1060,Badavan,50,1,50,,,,,,,,,,,,,,,,,
,,1060,RyGuy123,50,1,50,,,,,,,,,,,,,,,,,
,,1060,juancho1976,50,1,50,,,,,,,,,,,,,,,,,
,,1060,Jakuu,50,1,50,,,,,,,,,,,,,,,,,
,,1060,Oranim,50,1,50,,,,,,,,,,,,,,,,,
,,1060,Judiot,50,1,50,,,,,,,,,,,,,,,,,
,,1060,PocketAmazing,50,1,50,,,,,,,,,,,,,,,,,
,,1060,Samut,50,1,50,,,,,,,,,,,,,,,,,
,,1060,Kestutelis,50,1,50,,,,,,,,,,,,,,,,,
,,1060,Galten,50,1,50,,,,,,,,,,,,,,,,,
,,1060,Der_Imperator,50,1,50,,,,,,,,,,,,,,,,,
,,1060,Shalif,50,1,50,,,,,,,,,,,,,,,,,
,,1060,toptheworld,50,1,50,,,,,,,,,,,,,,,,,
,,1060,erlikhan,50,1,50,,,,,,,,,,,,,,,,,
,,1060,Foujou,50,1,50,,,,,,,,,,,,,,,,,
,,1060,BlackSmyth,50,1,50,,,,,,,,,,,,,,,,,
,,1060,CrAzian18,50,1,50,,,,,,,,,,,,,,,,,
,,1060,dejwut,50,1,50,,,,,,,,,,,,,,,,,
,,1060,Linsage,50,1,50,,,,,,,,,,,,,,,,,
,,1060,PeskyGekko,50,1,50,,,,,,,,,,,,,,,,,
,,1060,pandaczar,50,1,50,,,,,,,,,,,,,,,,,
,,1060,MBK,50,1,50,,,,,,,,,,,,,,,,,
,,1060,Jmstoic,50,1,50,,,,,,,,,,,,,,,,,
,,1060,lppl,50,1,50,,,,,,,,,,,,,,,,,
,,1060,But,50,1,50,,,,,,,,,,,,,,,,,
,,1060,Melonduck4000,50,1,50,,,,,,,,,,,,,,,,,
,,1060,AmazingMrHedge,50,1,50,,,,,,,,,,,,,,,,,
,,1060,midr,50,1,50,,,,,,,,,,,,,,,,,
,,1060,Dharkan_Kaazar,50,1,50,,,,,,,,,,,,,,,,,
,,1060,cbend37,50,1,50,,,,,,,,,,,,,,,,,
,,1060,PennyOrange,50,1,50,,,,,,,,,,,,,,,,,
,,1060,James2at8,50,1,50,,,,,,,,,,,,,,,,,
,,1060,2da6,50,1,50,,,,,,,,,,,,,,,,,
,,1060,Rivendell,50,1,50,,,,,,,,,,,,,,,,,
,,1060,norbetk,50,1,50,,,,,,,,,,,,,,,,,
,,1060,Faustoguby,50,1,50,,,,,,,,,,,,,,,,,
,,1060,MP87,50,1,50,,,,,,,,,,,,,,,,,
,,1060,TheCenturion,50,1,50,,,,,,,,,,,,,,,,,
,,1060,vivimaster,50,1,50,,,,,,,,,,,,,,,,,
,,1060,pessen,50,1,50,,,,,,,,,,,,,,,,,
,,1060,timaeus,50,1,50,,,,,,,,,,,,,,,,,
,,1060,Kradmesor,50,1,50,,,,,,,,,,,,,,,,,
,,1060,GAM3NURD,50,1,50,,,,,,,,,,,,,,,,,
,,1060,KYO,50,1,50,,,,,,,,,,,,,,,,,
,,1060,Bonte,50,1,50,,,,,,,,,,,,,,,,,
,,1060,kwerra,50,1,50,,,,,,,,,,,,,,,,,
,,1060,marcelodadf,50,1,50,,,,,,,,,,,,,,,,,
,,1060,Brumkalinka,50,1,50,,,,,,,,,,,,,,,,,
,,1060,ycl,50,1,50,,,,,,,,,,,,,,,,,
,,1060,Grobir,50,1,50,,,,,,,,,,,,,,,,,
,,1060,SCN,50,1,50,,,,,,,,,,,,,,,,,
,,1060,denwiller,50,1,50,,,,,,,,,,,,,,,,,
,,1060,torang_ei,50,1,50,,,,,,,,,,,,,,,,,
,,1060,SargeGunz,50,1,50,,,,,,,,,,,,,,,,,
,,1060,youbib,50,1,50,,,,,,,,,,,,,,,,,
,,1060,gego,50,1,50,,,,,,,,,,,,,,,,,
,,1060,Bushel,50,1,50,,,,,,,,,,,,,,,,,
,,1060,Lint,50,1,50,,,,,,,,,,,,,,,,,
,,1060,Tippin,50,1,50,,,,,,,,,,,,,,,,,
,,1060,fu1luo,50,1,50,,,,,,,,,,,,,,,,,
,,1060,Fayebian,50,1,50,,,,,,,,,,,,,,,,,
,,1060,JamesH,50,1,50,,,,,,,,,,,,,,,,,
,,1060,Captain_Alex,50,1,50,,,,,,,,,,,,,,,,,
,,1178,Bonobours,49,3,,,,,,,,15,27,,,,,,,7,,
,,1178,Hysen,49,2,,,,,,,,,27,,22,,,,,,,
,,1178,WowaduHek,49,2,,,,,,,,,,22,27,,,,,,,
,,1178,al_boev,49,3,,,1,,,,,,,17,31,,,,,,,
,,1178,Joshweiss789,49,3,,,,,1,,,,,17,31,,,,,,,
,,1178,ruby_buby,49,2,,,,,,,,,15,,34,,,,,,,
,,1184,TheYoungDutch,48,4,20,,,,,,,,,6,19,,,,,3,,
,,1184,deleted_user_9275835,48,3,,,,,11,,,,15,,22,,,,,,,
,,1184,Gwyneraim,48,2,,,,,,,,,,17,31,,,,,,,
,,1184,gaitimes,48,2,,,,,,,,,,17,31,,,,,,,
,,1184,ysiad,48,2,,,,,,,,,,17,31,,,,,,,
,,1184,Eyswein,48,2,,,,,,,,,,12,36,,,,,,,
,,1184,CJcj,48,2,,,,,,,,,,12,36,,,,,,,
,,1191,runningnemo,47,2,,26,,,,21,,,,,,,,,,,,
,,1192,Nymphaea,46,4,20,,,4,20,2,,,,,,,,,,,,
,,1192,Tietzsche,46,3,20,,,,,,,,,4,22,,,,,,,
,,1192,deleted_user_9880390,46,3,,,15,,,8,23,,,,,,,,,,,
,,1192,mikemast,46,2,,,,,,,,,,22,24,,,,,,,
,,1192,PhamNuwen,46,3,,,,,,,4,15,27,,,,,,,,,
,,1197,Jived,45,3,20,,,,,,,,,6,19,,,,,,,
,,1197,wombats111,45,1,,,,,,,,,,,,,45,,,,,
,,1199,Romulus07,43,5,,,,,,,2,4,4,12,21,,,,,,,
,,1200,deleted_user_1946622,42,2,,,15,,,27,,,,,,,,,,,,
,,1200,moemoe,42,2,,,,,15,,,,27,,,,,,,,,
,,1202,jokerchai,41,1,,,,,,,,,,41,,,,,,,,
,,1203,JS619,39,9,20,1,2,,,2,4,4,4,1,2,,,,,,,
,,1203,Limdul1988,39,3,,20,,,15,,,,4,,,,,,,,,
,,1205,marialy,38,2,,,,,,,,15,23,,,,,,,,,
,,1205,Grandnewby,38,2,,,,,,,,15,23,,,,,,,,,
,,1205,Vovka,38,2,,,,,11,,,,27,,,,,,,,,
,,1208,michasz,37,5,,,,,,,2,4,4,6,21,,,,,,,
,,1208,nanoprince,37,2,,,,,,,,,15,,22,,,,,,,
,,1210,nchoong,35,4,,,,,,,4,4,,6,21,,,,,,,
,,1211,CuJ,34,3,20,,,,,,,,,2,12,,,,,,,
,,1211,Steak,34,1,,34,,,,,,,,,,,,,,,,
,,1211,Montu,34,1,,,,,,34,,,,,,,,,,,,
,,1211,zhenshide,34,1,,,,,,,,,,34,,,,,,,,
,,1211,Tandeta,34,1,,,,,,,,,,,34,,,,,,,
,,1216,Moskbnea,33,7,20,,,,,2,2,2,4,2,1,,,,,,,
,,1216,Tomo,33,4,20,2,1,,,,,,,,,,,,10,,,
,,1216,wheelerruss,33,9,20,1,1,1,1,2,2,4,2,,,,,,,,,
,,1219,lavasija,32,5,,20,,2,2,,,4,4,,,,,,,,,
,,1219,Seabrook,32,3,20,,,,2,,,,,,,,,,10,,,
,,1221,Abssalom,31,2,20,11,,,,,,,,,,,,,,,,
,,1221,Tutux,31,2,,,,,,23,,,,8,,,,,,,,
,,1223,FiveGee,30,4,,,,7,20,,,,,1,2,,,,,,,
,,1223,Althaj,30,3,20,,,,,,8,2,,,,,,,,,,
,,1223,Signor_Darcy,30,2,20,,,,,,,,,,,,,,10,,,
,,1223,Devonia,30,2,20,,,,,,,,,,,,,,10,,,
,,1223,Wicked_Liz,30,2,20,,,,,,,,,,,,,,10,,,
,,1223,jjmancini,30,2,20,,,,,,,,,,,,,10,,,,
,,1223,markosalaplaya,30,2,,,,,,,,,,22,8,,,,,,,
,,1223,aimo,30,1,,,,,,,,,,,,,,30,,,,
,,1223,AvPL,30,1,,,,,,,,,,,,,,30,,,,
,,1223,busti,30,1,,,,,,,,,,,,,,30,,,,
,,1223,Fourrier,30,1,,,,,,,,,,,,,,30,,,,
,,1223,hopek,30,1,,,,,,,,,,,,,,30,,,,
,,1223,Ritocito,30,1,,,,,,,,,,,,,,30,,,,
,,1223,sms18004,30,1,,,,,,,,,,,,,,30,,,,
,,1223,Turkuee,30,1,,,,,,,,,,,,,,30,,,,
,,1238,Franzy,29,3,20,,,,,,,,,1,8,,,,,,,
,,1238,Aardwolf44,29,1,,,,,,,,,,,,,,,,29,,
,,1240,Lara13,28,2,,,,1,,,27,,,,,,,,,,,
,,1241,firstfloorfinest,27,5,20,2,2,2,1,,,,,,,,,,,,,
,,1241,monorator,27,4,20,1,4,,,2,,,,,,,,,,,,
,,1241,backspace,27,2,,,,,,,,,,19,8,,,,,,,
,,1241,MrTriangle,27,2,,20,,,7,,,,,,,,,,,,,
,,1241,NerAlgert,27,2,,,,,,,,,,6,21,,,,,,,
,,1241,raymebeats,27,1,,,27,,,,,,,,,,,,,,,
,,1241,keizerCarel,27,1,,,,,27,,,,,,,,,,,,,
,,1241,GoodSentinel,27,1,,,,,,27,,,,,,,,,,,,
,,1241,Kristin,27,1,,,,,,27,,,,,,,,,,,,
,,1241,_Melkor,27,1,,,,,,27,,,,,,,,,,,,
,,1241,Sinkadus,27,1,,,,,,,27,,,,,,,,,,,
,,1241,jaggl,27,1,,,,,,,,,27,,,,,,,,,
,,1241,Lander90,27,1,,,,,,,,,27,,,,,,,,,
,,1241,Phalanxx,27,1,,,,,,,,,27,,,,,,,,,
,,1241,tnawrocki,27,1,,,,,,,,,27,,,,,,,,,
,,1241,Jelen117,27,1,,,,,,,,,27,,,,,,,,,
,,1241,vagrantil,27,1,,,,,,,,,27,,,,,,,,,
,,1241,Wanderlust,27,1,,,,,,,,,27,,,,,,,,,
,,1241,arthurlam90,27,1,,,,,,,,,27,,,,,,,,,
,,1260,ozzy666,26,3,20,,2,,,4,,,,,,,,,,,,
,,1260,szesophie,26,3,20,,,,,,,,,2,4,,,,,,,
,,1260,EKogon,26,2,,,,4,22,,,,,,,,,,,,,
,,1260,Hot.Cocoa,26,2,,,,,4,,,,,22,,,,,,,,
,,1264,eotta,25,2,,,,,,,,,,6,19,,,,,,,
,,1264,bedtimeformonkeys,25,1,,,,,,,,,,,,,,,25,,,
,,1264,Chaos,25,1,,,,,,,,,,,,,,,25,,,
,,1264,eLGi,25,1,,,,,,,,,,,,,,,25,,,
,,1264,OM_Para,25,1,,,,,,,,,,,,,,,25,,,
,,1269,KKluigi,24,2,,20,,,,4,,,,,,,,,,,,
,,1269,Millership,24,3,20,,,,,2,2,,,,,,,,,,,
,,1271,Stupidstupidrat,23,2,,,,,,,,,,4,19,,,,,,,
,,1271,Sopelek,23,3,20,,,,,,,,,2,1,,,,,,,
,,1273,tkornai,22,2,,,,,7,,,15,,,,,,,,,,
,,1273,DecMoon,22,3,20,1,1,,,,,,,,,,,,,,,
,,1273,Shobalk,22,1,,22,,,,,,,,,,,,,,,,
,,1273,Tings,22,1,,,,,,,,,,22,,,,,,,,
,,1273,xiaoduan,22,1,,,,,,,,,,22,,,,,,,,
,,1278,Pancake1,21,2,20,,,,,,,,,1,,,,,,,,
,,1279,Campanulas,20,7,,1,2,1,2,2,4,8,,,,,,,,,,
,,1279,Lindoro,20,3,,,,4,,,4,,,12,,,,,,,,
,,1279,Lordsmile,20,1,20,,,,,,,,,,,,,,,,,
,,1279,BoMa85,20,1,20,,,,,,,,,,,,,,,,,
,,1279,Ronald1,20,1,20,,,,,,,,,,,,,,,,,
,,1279,pjorge,20,1,20,,,,,,,,,,,,,,,,,
,,1279,sjgardner3,20,1,20,,,,,,,,,,,,,,,,,
,,1279,mladodoc,20,1,20,,,,,,,,,,,,,,,,,
,,1279,ZeroMaximus,20,1,20,,,,,,,,,,,,,,,,,
,,1279,H4Y3K,20,1,20,,,,,,,,,,,,,,,,,
,,1279,pepinecko,20,1,20,,,,,,,,,,,,,,,,,
,,1279,Srbak,20,1,20,,,,,,,,,,,,,,,,,
,,1279,ruben_san,20,1,20,,,,,,,,,,,,,,,,,
,,1279,Math4u,20,1,20,,,,,,,,,,,,,,,,,
,,1279,Marchely,20,1,20,,,,,,,,,,,,,,,,,
,,1279,pasin11,20,1,20,,,,,,,,,,,,,,,,,
,,1279,Lnena,20,1,20,,,,,,,,,,,,,,,,,
,,1279,dudurban,20,1,20,,,,,,,,,,,,,,,,,
,,1279,ThonosP,20,1,20,,,,,,,,,,,,,,,,,
,,1279,Clarinachos,20,1,20,,,,,,,,,,,,,,,,,
,,1279,Majinbuu,20,1,20,,,,,,,,,,,,,,,,,
,,1279,TwoFold,20,1,20,,,,,,,,,,,,,,,,,
,,1279,Jeff_Ffej,20,1,20,,,,,,,,,,,,,,,,,
,,1279,Topalogy,20,1,20,,,,,,,,,,,,,,,,,
,,1279,popdragon,20,1,20,,,,,,,,,,,,,,,,,
,,1279,Hengoroth,20,1,20,,,,,,,,,,,,,,,,,
,,1279,Monken,20,1,20,,,,,,,,,,,,,,,,,
,,1279,JVCSC,20,1,20,,,,,,,,,,,,,,,,,
,,1279,Galaxy_Rhino,20,1,20,,,,,,,,,,,,,,,,,
,,1279,Sabastapul,20,1,20,,,,,,,,,,,,,,,,,
,,1279,saet1a,20,1,20,,,,,,,,,,,,,,,,,
,,1279,Paajosh,20,1,20,,,,,,,,,,,,,,,,,
,,1279,gaberosser,20,1,20,,,,,,,,,,,,,,,,,
,,1279,Faeyon,20,1,20,,,,,,,,,,,,,,,,,
,,1279,Vortex1612,20,1,20,,,,,,,,,,,,,,,,,
,,1279,joejones,20,1,20,,,,,,,,,,,,,,,,,
,,1279,CeeJ,20,1,20,,,,,,,,,,,,,,,,,
,,1279,lauch,20,1,20,,,,,,,,,,,,,,,,,
,,1279,lingdianyike,20,1,20,,,,,,,,,,,,,,,,,
,,1279,Mercury777,20,1,20,,,,,,,,,,,,,,,,,
,,1279,LavenderQueen,20,1,20,,,,,,,,,,,,,,,,,
,,1279,Small_sips,20,1,20,,,,,,,,,,,,,,,,,
,,1279,Dantes2180,20,1,20,,,,,,,,,,,,,,,,,
,,1279,Vaibhavaiyar,20,1,20,,,,,,,,,,,,,,,,,
,,1279,captpirat,20,1,20,,,,,,,,,,,,,,,,,
,,1279,O.K.,20,1,20,,,,,,,,,,,,,,,,,
,,1279,Cespac,20,1,20,,,,,,,,,,,,,,,,,
,,1279,dogrockbeeboy,20,1,20,,,,,,,,,,,,,,,,,
,,1279,Gervais,20,1,20,,,,,,,,,,,,,,,,,
,,1279,Rouming,20,1,20,,,,,,,,,,,,,,,,,
,,1279,Phlegm,20,1,20,,,,,,,,,,,,,,,,,
,,1279,or0b0to,20,1,20,,,,,,,,,,,,,,,,,
,,1279,MartinCZE,20,1,20,,,,,,,,,,,,,,,,,
,,1279,GameTroll,20,1,20,,,,,,,,,,,,,,,,,
,,1279,Simnel,20,1,20,,,,,,,,,,,,,,,,,
,,1279,FilipDabrowski,20,1,20,,,,,,,,,,,,,,,,,
,,1279,Tapio,20,1,20,,,,,,,,,,,,,,,,,
,,1279,Friedthelt,20,1,20,,,,,,,,,,,,,,,,,
,,1279,deleted_user_7683175,20,1,20,,,,,,,,,,,,,,,,,
,,1338,alcardonac,19,4,,,,1,11,,,,,1,6,,,,,,,
,,1338,monkeyml,19,2,,,,,11,,,,8,,,,,,,,,
,,1338,ctcheung,19,3,,,,,15,,,2,2,,,,,,,,,
,,1341,NozoEli,17,1,,,,,,,,,,17,,,,,,,,
,,1341,mowangfeng,17,1,,,,,,,,,,17,,,,,,,,
,,1343,MarryMeVlaada,15,1,,15,,,,,,,,,,,,,,,,
,,1343,Gwindor,15,1,,15,,,,,,,,,,,,,,,,
,,1343,KwonJoonHo,15,1,,,15,,,,,,,,,,,,,,,
,,1343,DayWalker1337,15,1,,,,15,,,,,,,,,,,,,,
,,1343,FlyFelix,15,1,,,,,,15,,,,,,,,,,,,
,,1343,drodriguez,15,1,,,,,,,,,15,,,,,,,,,
,,1343,FCKAFD,15,1,,,,,,,,,15,,,,,,,,,
,,1343,Elin,15,1,,,,,,,,,15,,,,,,,,,
,,1343,Peperinni,15,1,,,,,,,,,,,,,,,,15,,
,,1352,Gaulamos,14,4,,,,,,2,8,2,2,,,,,,,,,
,,1352,PandaJJ,14,2,,,,,4,,,,,,,,,,10,,,
,,1352,Kozzie,14,2,,,,,,,2,,,12,,,,,,,,
,,1355,wisteria,11,2,,1,,,,,,,,,,,,10,,,,
,,1355,Richy_Doulares,11,1,,,11,,,,,,,,,,,,,,,
,,1355,ahowlin,11,1,,,11,,,,,,,,,,,,,,,
,,1355,Rimuel,11,1,,,,11,,,,,,,,,,,,,,
,,1355,Scar_702,11,1,,,,11,,,,,,,,,,,,,,
,,1355,DyziK,11,1,,,,,11,,,,,,,,,,,,,
,,1355,Elendil,11,1,,,,,11,,,,,,,,,,,,,
,,1362,captainparadise,10,2,,,,,,,,2,8,,,,,,,,,
,,1362,adi,10,1,,,,,,,,,,,,,,,10,,,
,,1362,borostar,10,1,,,,,,,,,,,,,,,10,,,
,,1362,Cisteoir,10,1,,,,,,,,,,,,,,,10,,,
,,1362,hbendeguz,10,1,,,,,,,,,,,,,,,10,,,
,,1362,Pietro,10,1,,,,,,,,,,,,,,,10,,,
,,1362,RodaxIII,10,1,,,,,,,,,,,,,,,10,,,
,,1362,sirivanhoe,10,1,,,,,,,,,,,,,,,10,,,
,,1362,StarLakeGuy,10,1,,,,,,,,,,,,,,,10,,,
,,1362,StefanGreatFirst,10,1,,,,,,,,,,,,,,,10,,,
,,1362,Tyrtaios,10,1,,,,,,,,,,,,,,,10,,,
,,1362,Urliam,10,1,,,,,,,,,,,,,,,10,,,
,,1362,arnbold,10,1,,,,,,,,,,,,,,10,,,,
,,1362,baodalaxin,10,1,,,,,,,,,,,,,,10,,,,
,,1362,bobis,10,1,,,,,,,,,,,,,,10,,,,
,,1362,Couchking,10,1,,,,,,,,,,,,,,10,,,,
,,1362,DustInMadness,10,1,,,,,,,,,,,,,,10,,,,
,,1362,Fyn,10,1,,,,,,,,,,,,,,10,,,,
,,1362,Garghi,10,1,,,,,,,,,,,,,,10,,,,
,,1362,LaoHuang,10,1,,,,,,,,,,,,,,10,,,,
,,1362,majortom111,10,1,,,,,,,,,,,,,,10,,,,
,,1362,miberale,10,1,,,,,,,,,,,,,,10,,,,
,,1362,Rivarama,10,1,,,,,,,,,,,,,,10,,,,
,,1362,sapiocek,10,1,,,,,,,,,,,,,,10,,,,
,,1362,tiesto,10,1,,,,,,,,,,,,,,10,,,,
,,1362,Ulysses,10,1,,,,,,,,,,,,,,10,,,,
,,1362,Ziokhan,10,1,,,,,,,,,,,,,,10,,,,
,,1389,Captn4wesome,9,4,,,,1,2,,2,,4,,,,,,,,,
,,1389,KingPerun,9,2,,,,2,7,,,,,,,,,,,,,
,,1391,DanielDose,8,2,,,,4,,,4,,,,,,,,,,,
,,1391,Atomtomate,8,2,,,,,,,,,,4,4,,,,,,,
,,1391,gusanitocruz,8,1,,,,,,,,,,,8,,,,,,,
,,1394,Stinus,7,1,,,,7,,,,,,,,,,,,,,
,,1394,Brandon12129,7,1,,7,,,,,,,,,,,,,,,,
,,1394,Tototrillion,7,1,,,,7,,,,,,,,,,,,,,
,,1394,Nevadar,7,1,,,,,7,,,,,,,,,,,,,
,,1398,Edge613,6,4,,2,1,1,2,,,,,,,,,,,,,
,,1398,halbsodoppelt,6,3,,,,,,,2,2,2,,,,,,,,,
,,1398,KingMomo,6,2,,,,,,,4,,,,2,,,,,,,
,,1398,DancingQuinn,6,1,,,,,,,,,,6,,,,,,,,
,,1398,Copocioff,6,1,,,,,,,,,,6,,,,,,,,
,,1403,DonStealth,5,1,,,,,,,,,,,,,,,,5,,
,,1404,Ivan04,4,1,,,,,,,,4,,,,,,,,,,
,,1404,theblender,4,1,,,,,,,4,,,,,,,,,,,
,,1404,Lookaszk,4,1,,,,,,,,4,,,,,,,,,,
,,1404,C3POsMidriff,4,1,,,,,,,,,4,,,,,,,,,
,,1404,Igrokratiya,4,1,,,,,,,,,4,,,,,,,,,
,,1404,GrafZahl,4,1,,,,,,,,,,,,,,,,4,,
,,1404,meeplematero,4,1,,,,,,,,,,,,,,,,4,,
,,1411,Hamtes,2,1,,2,,,,,,,,,,,,,,,,
,,1411,__Alex__,2,1,,,2,,,,,,,,,,,,,,,
,,1411,Rona_the_Terrible,2,1,,,2,,,,,,,,,,,,,,,
,,1411,Jusaz,2,1,,,,,2,,,,,,,,,,,,,
,,1411,ching_chong,2,1,,,,,,2,,,,,,,,,,,,
,,1411,Yahtzee12,2,1,,,,,,2,,,,,,,,,,,,
,,1411,deleted_user_9720913,2,1,,,,,,,2,,,,,,,,,,,
,,1411,lissi,2,1,,,,,,,2,,,,,,,,,,,
,,1411,Amadeus,2,1,,,,,,,2,,,,,,,,,,,
,,1411,Ado,2,1,,,,,,,,2,,,,,,,,,,
,,1411,transporter96,2,1,,,,,,,,2,,,,,,,,,,
,,1411,amit871,2,1,,,,,,,,2,,,,,,,,,,
,,1411,Chris10,2,1,,,,,,,,,2,,,,,,,,,
,,1411,switch201,2,1,,,,,,,,,2,,,,,,,,,
,,1411,Ronald,2,1,,,,,,,,,2,,,,,,,,,
,,1411,valvonauta,2,1,,,,,,,,,,2,,,,,,,,
,,1427,greatestdecade,1,1,,1,,,,,,,,,,,,,,,,
,,1427,Jonasmeister,1,1,,1,,,,,,,,,,,,,,,,
,,1427,issv,1,1,,,1,,,,,,,,,,,,,,,
,,1427,uhujb,1,1,,,1,,,,,,,,,,,,,,,
,,1427,thokk,1,1,,,,1,,,,,,,,,,,,,,
,,1427,Sonalator,1,1,,,,,1,,,,,,,,,,,,,
,,1427,AzzCark,1,1,,,,,1,,,,,,,,,,,,,
,,1427,boheg,1,1,,,,,,,,,,,1,,,,,,,