group,player,place,games,points,timeouts,result,tie-break
Emperor,vanishadow,1,7,10,0,gold medal,
Emperor,Weidenbaum,2,7,8,0,silver medal,
Emperor,Airren,2,7,8,0,silver medal,
Emperor,Martin_Pecheur,2,7,8,0,silver medal,
Emperor,pv4,5,7,6,0,,
Emperor,saru,6,7,6,0,-1,
Emperor,321letsjam,7,7,6,0,-1,
Emperor,totsilence,8,7,4,0,-2,
King,Angor,1,6,10,0,1,
King,GZ95,2,6,8,0,1,
King,Lcfyx,3,6,6,0,,
King,pajada,4,6,6,0,,
King,Dazzy,5,6,4,0,,"1-1, CR: 1.08"
King,FirstOfDao,6,6,4,0,-1,"1-1, CR: 1.06"
King,Praetorianer,7,6,4,0,-1,"1-1, CR: 0.90"
King,Netopier,8,0,0,0,-2,
Prince 1,DANeo,1,7,12,0,2,1-0
Prince 1,ben0728,2,7,12,0,1,
Prince 1,Eske,3,7,8,0,,
Prince 1,Brightfuture,4,7,8,0,,
Prince 1,Gutemetralla,5,7,6,0,,
Prince 1,mwi,6,7,6,0,-1,
Prince 1,speedstone,7,7,4,0,-1,
Prince 1,vaLfizzL,8,7,0,0,-2,
Prince 2,Sohoof,1,7,12,0,1,0-1
Prince 2,wolvs,2,7,12,0,1,
Prince 2,e5582768,3,7,10,0,,
Prince 2,Eepogi,4,7,10,0,,
Prince 2,DJLAODIE,5,7,6,0,,
Prince 2,Spartan1337,6,7,4,0,-1,
Prince 2,zadokk,7,7,1,1,-1,1-0
Prince 2,Mark0n,8,7,1,0,-2,0-1
Duke 1,Flackk,1,7,12,0,2,2-0
Duke 1,Oprah,2,7,10,0,1,
Duke 1,Fourierrr,3,7,8,0,,
Duke 1,Masox,4,7,8,0,,
Duke 1,Gandin,5,7,6,0,,
Duke 1,Allmrak,6,7,6,0,-1,
Duke 1,CaesarSalah,7,7,4,0,-1,
Duke 1,Kay,8,7,2,0,-2,
Duke 2,KarlThomas,1,7,12,0,1,0-2
Duke 2,megumi,2,7,10,0,1,
Duke 2,RestlessMe,3,7,8,0,,
Duke 2,Arne,4,7,8,0,,
Duke 2,SnailZane,5,7,8,0,,
Duke 2,BlixLT,6,7,6,0,-1,
Duke 2,Magesolo,7,7,2,0,-1,
Duke 2,DiddleySquat,8,7,2,0,-2,
Duke 3,Grozz,1,6,10,0,1,1-1
Duke 3,Jaracz,2,6,10,0,1,
Duke 3,Sektat,3,6,8,0,,
Duke 3,Tordread,4,6,8,0,,
Duke 3,Gilgamesh2,5,6,4,0,,
Duke 3,Sellux,6,6,2,1,-1,
Duke 3,Musan,7,6,0,0,-1,
Duke 3,Fizi,8,0,0,0,-2,
Marquess 1,roverandom,1,7,14,0,2,
Marquess 1,maiquelPS,2,7,10,0,1,
Marquess 1,gothark,3,7,8,0,,
Marquess 1,Firedart,4,7,6,0,,
Marquess 1,funnytortoise,5,7,6,0,,
Marquess 1,LordMichael,6,7,6,0,-1,
Marquess 1,Doobie,7,7,4,0,-1,
Marquess 1,Klakla92th,8,7,2,0,-2,
Marquess 2,Ristey,1,7,10,0,1,
Marquess 2,jantteri,2,7,10,0,1,
Marquess 2,jezza101,3,7,9,0,,
Marquess 2,Arcee,3,7,9,0,,
Marquess 2,ElChupacabra,5,7,8,0,,
Marquess 2,fugg,6,7,6,0,-1,
Marquess 2,gamblerch,7,7,4,0,-1,
Marquess 2,Dayvs,8,7,0,0,-2,
Marquess 3,WhateverParsley,1,7,10,0,1,
Marquess 3,FreddyCrugerKiller,2,7,10,0,1,
Marquess 3,Garri,3,7,8,0,,
Marquess 3,Sunmaster14_LV,3,7,8,0,,
Marquess 3,Rob_Stedman,3,7,8,0,,
Marquess 3,Jorrig,6,7,6,0,-1,
Marquess 3,Thisisnotasmile,7,7,6,0,-1,
Marquess 3,FFAZ,8,7,0,2,-2,
Marquess 4,Lech,1,7,12,0,1,
Marquess 4,Raulone,2,7,10,0,1,
Marquess 4,takusto_II,3,7,8,0,,
Marquess 4,Jonny125,4,7,6,0,,"1-1, CR: 1.13"
Marquess 4,Garlett,5,7,6,0,,"1-1, CR: 0.96"
Marquess 4,flutter,6,7,6,0,-1,"1-1, CR: 0.95"
Marquess 4,kenchan,7,7,4,0,-1,
Marquess 4,jingjing123,8,7,4,1,-2,
Marquess 5,daimx,1,7,10,0,1,
Marquess 5,Kimmo,2,7,10,0,1,
Marquess 5,LittleBob,3,7,8,0,,
Marquess 5,MindKillazz,4,7,8,0,,
Marquess 5,ElKhan,5,7,6,0,,1-0
Marquess 5,Miklos,6,7,6,0,-1,0-1
Marquess 5,MruczekW,7,7,6,0,-1,dnp
Marquess 5,Terence,8,7,2,1,-2,
Count 1,BoatyMcBoatface,1,7,12,0,1,dnp
Count 1,MidnightFox,2,7,10,0,1,
Count 1,Boyo,3,7,8,0,,
Count 1,CloneFish,4,7,6,0,,
Count 1,Kaczas,4,7,6,1,,
Count 1,Haxxorn,4,7,6,0,,
Count 1,Charcutero,7,7,5,0,-1,
Count 1,DavidSegoviano,8,7,3,0,-2,
Count 2,CrystalPete420,1,7,12,0,1,dnp
Count 2,treitze,2,7,12,0,1,
Count 2,Adamez,3,7,8,0,,
Count 2,Pieroz88,4,7,8,0,,
Count 2,Donni,5,7,6,1,,
Count 2,MurphyAKL,6,7,6,0,-1,
Count 2,Thronx,7,7,4,0,-1,
Count 2,Cleveman,8,7,0,0,-2,
Count 3,scipio238,1,7,10,0,1,
Count 3,darwinian,2,7,10,0,1,
Count 3,Etherealz,3,7,8,0,,
Count 3,Shagrat,4,7,8,0,,
Count 3,Jappa,5,7,6,0,,
Count 3,JimmyLin,6,7,6,0,-1,
Count 3,kaeptnblaubaer,7,7,4,0,-1,
Count 3,Vi15So17,8,7,4,0,-2,
Count 4,wittr,1,7,10,0,1,
Count 4,Mike1313,1,7,10,0,1,
Count 4,jRune,1,7,10,0,,
Count 4,zbert,4,7,8,0,,
Count 4,henrymerrivale,5,7,6,0,,
Count 4,theussner79,6,7,6,0,-1,
Count 4,ChampDeGlace,7,7,5,1,-1,
Count 4,Bookhouseboy,8,7,1,0,-2,
Count 5,elo8000,1,7,12,0,1,timeouted
Count 5,Xxyu,2,7,12,0,1,
Count 5,Dantes,3,7,10,0,,
Count 5,ed_vins,4,7,8,0,,
Count 5,raist,5,7,6,0,,
Count 5,Rasputin,6,7,6,0,-1,
Count 5,Vangelisb,7,7,2,0,-1,
Count 5,Ddafaith,8,7,0,0,-2,
Count 6,virvett,1,7,12,0,1,1-1
Count 6,Rhizom,2,7,10,0,1,
Count 6,isman,2,7,10,0,1,
Count 6,Wolar,2,7,10,0,1,
Count 6,HeirOfValyria,5,7,6,0,,
Count 6,Ramonster,6,7,4,0,-1,
Count 6,Quokka,7,7,2,0,-1,
Count 6,Csannerud,8,7,2,0,-2,
Count 7,BitterBlossom,1,7,10,0,1,
Count 7,Imiter,2,7,8,0,1,
Count 7,vendogs,3,7,8,0,,
Count 7,fathope,4,7,6,0,,3-1
Count 7,Nightvayne,5,7,6,0,,"2-2, 2-0"
Count 7,MBlueMan,6,7,6,0,-1,"2-2, 1-1"
Count 7,LuckyAnesa,7,7,6,0,-1,"2-2, 0-2"
Count 7,Attrill20,8,7,6,0,-2,1-3
Count 8,Vorbrock,1,7,11,0,2,2-0
Count 8,McNulty,2,7,10,0,1,
Count 8,MartinW,3,7,8,0,,
Count 8,Melon6688,4,7,8,0,,
Count 8,maciek,5,7,6,0,,
Count 8,Kuter,6,7,6,0,-1,
Count 8,Tomtomparking,7,7,4,0,-1,
Count 8,ChipsAhoya,8,7,3,0,-2,
Viscount 1,kuzmich,1,6,10,0,1,
Viscount 1,Notbot66,1,6,10,0,1,
Viscount 1,MrGekz,1,6,10,0,1,
Viscount 1,Gabriele,4,6,6,0,,
Viscount 1,baggioka,5,6,2,0,-1,
Viscount 1,jmw,5,6,2,0,-1,
Viscount 1,IpaStian,5,6,2,0,-1,
Viscount 1,Kermit19,8,0,0,0,-2,
Viscount 2,shpand,1,7,12,0,1,
Viscount 2,WDD,2,7,10,0,1,
Viscount 2,peposqui,3,7,8,1,,
Viscount 2,KindFortress,4,7,6,0,,
Viscount 2,Cristiancordeu,4,7,6,0,,
Viscount 2,Kejml,4,7,6,0,,
Viscount 2,The_Law,7,7,4,0,-1,
Viscount 2,richardhell,8,7,4,0,-2,
Viscount 3,Naval,1,7,12,0,1,
Viscount 3,JoshyWiggins,2,7,10,0,1,
Viscount 3,DaemonCleaner,3,7,10,0,,
Viscount 3,guppyfry,4,7,6,0,,
Viscount 3,St-Amadeus,5,7,6,0,,
Viscount 3,kabel2,6,7,4,0,-1,
Viscount 3,chefung,7,7,4,0,-1,
Viscount 3,bzburnin,8,7,4,0,-2,
Viscount 4,Gagic,1,5,8,0,1,
Viscount 4,barda,2,5,8,0,1,
Viscount 4,Lammoth,3,5,4,0,,
Viscount 4,petrau77,3,5,4,0,,
Viscount 4,matst379,3,5,4,0,,
Viscount 4,Panthera,6,5,2,0,-1,
Viscount 4,Xsn,8,0,0,0,-2,
Viscount 4,Vortex1612,8,0,0,0,-2,
Viscount 5,OlaWictorin,1,7,13,0,1,0-2
Viscount 5,Obinger_Alphons,2,7,12,0,1,
Viscount 5,Buldozer_bga,3,7,10,0,,
Viscount 5,Garban7,4,7,8,0,,
Viscount 5,Tshemmp,5,7,6,1,,
Viscount 5,Nealio,6,7,4,0,-1,
Viscount 5,mahawirasd,7,7,3,0,-1,
Viscount 5,chris223,8,7,0,0,-2,
Viscount 6,DrSniken,1,6,12,0,2,2-0
Viscount 6,Neandrtalec,2,6,8,0,1,
Viscount 6,Padishar,3,6,6,0,,
Viscount 6,Mario86,4,6,6,0,,
Viscount 6,Cat12,5,6,4,0,,
Viscount 6,Arkadiussus,6,6,4,0,-1,
Viscount 6,FenPlays,7,6,2,0,-1,
Viscount 6,KorXo,8,0,0,0,-2,
Viscount 7,syras,1,7,14,0,1,1-1
Viscount 7,Qiubag,2,7,12,0,1,
Viscount 7,jonzewiespike,3,7,8,0,,
Viscount 7,DonRaphon,3,7,8,0,,
Viscount 7,Slavica,3,7,8,0,,
Viscount 7,Aaronwebber,6,7,4,1,-1,
Viscount 7,kwojtasz,7,7,2,0,-1,
Viscount 7,JohnnyMac,8,7,0,0,-2,
Viscount 8,NoswordKnight,1,7,10,0,1,
Viscount 8,BirdOfPreyyy,2,7,10,0,1,
Viscount 8,ERock37,3,7,8,0,,
Viscount 8,DonStino,4,7,8,0,,
Viscount 8,Pule,5,7,6,0,,
Viscount 8,pdx,6,7,6,0,-1,
Viscount 8,Bergen,7,7,4,0,-1,
Viscount 8,Oleksandr,8,7,4,0,-2,
Viscount 9,rap2,1,6,10,0,1,
Viscount 9,aivin,2,6,10,0,1,
Viscount 9,LordPeter,3,6,8,0,,
Viscount 9,TribunX,4,6,6,0,,
Viscount 9,luigino71,5,6,4,0,,
Viscount 9,comant,6,6,4,0,-1,
Viscount 9,Schedar,7,0,0,0,-1,
Viscount 9,HRG,8,6,0,0,-2,
Viscount 10,Demetrius,1,7,14,0,1,1-1
Viscount 10,Hardco,2,7,10,0,1,
Viscount 10,rabalder,3,7,8,0,,
Viscount 10,BemuthBambai,4,7,8,0,,
Viscount 10,Ioannis3,5,7,6,0,,
Viscount 10,LeBonus,6,7,6,0,-1,
Viscount 10,Purplegoo,7,7,2,0,-1,
Viscount 10,Kelern,8,7,2,0,-2,
Viscount 11,Shadowiscool500,1,7,14,0,1,1-1
Viscount 11,tupper,2,7,12,0,1,
Viscount 11,LeonidasI,3,7,10,0,,
Viscount 11,TeriyakiJaccuzi,4,7,6,0,,
Viscount 11,Boardello,5,7,6,0,,
Viscount 11,Daemon3142,6,7,4,0,-1,
Viscount 11,Herdeksunek,7,7,2,0,-1,
Viscount 11,Dzsabo,8,7,2,0,-2,
Viscount 12,Hsugneslie,1,7,12,0,1,
Viscount 12,skab12,2,7,10,0,1,
Viscount 12,daices,3,7,8,0,,
Viscount 12,sillysheep,4,7,6,0,,"2-1, 1-0"
Viscount 12,Largos,5,7,6,0,,"2-1, 0-1"
Viscount 12,Fullynice,6,7,6,0,-1,"1-2, 1-0"
Viscount 12,Dovi,7,7,6,0,-1,"1-2, 0-1"
Viscount 12,oleKanin,8,7,2,0,-2,
Viscount 13,brainac,1,7,13,0,2,2-0
Viscount 13,Spence2102,2,7,12,0,1,
Viscount 13,MoonlitShadow,3,7,9,0,,
Viscount 13,BureRF,4,7,8,0,,
Viscount 13,Jolli,5,7,6,1,,
Viscount 13,tronnemann,6,7,4,0,-1,
Viscount 13,Jume,7,7,2,0,-1,
Viscount 13,migoet,8,7,2,0,-2,
Baron 1,Gelato,1,7,12,0,1,
Baron 1,Ekdezel,2,7,10,0,1,
Baron 1,Daniii,3,7,8,0,,
Baron 1,Sapiocek,4,7,8,0,,
Baron 1,shiro0405,5,7,6,0,,
Baron 1,AsKier,6,7,6,0,-1,
Baron 1,brumynut,7,7,4,0,-1,
Baron 1,luckrider,8,7,2,1,-1,
Baron 2,Gyphon,1,6,12,0,2,1-0
Baron 2,nattee,2,6,10,0,1,
Baron 2,Alfonsillo,3,6,6,0,,
Baron 2,Mejdzr,4,6,6,0,,
Baron 2,Lodon,5,6,4,0,,
Baron 2,Gabilou,6,6,2,0,-1,
Baron 2,Dienekes,7,6,2,0,-1,
Baron 2,danielusuga,8,0,0,0,-1,
Baron 3,jokerchai,1,6,10,0,1,
Baron 3,Cresspahl,2,6,8,0,1,
Baron 3,BGTigger,3,6,6,0,,
Baron 3,GamesClaw,4,6,6,0,,
Baron 3,sodalppargkppakee,5,6,4,0,,
Baron 3,Birnenschorsch,5,6,4,0,-1,
Baron 3,mikey1nt,5,6,4,0,-1,
Baron 3,Royalhawk,8,0,0,0,-1,
Baron 4,Allfather,1,6,10,0,1,
Baron 4,Medicus,2,6,8,0,1,
Baron 4,MeteorisVulcanus,3,6,6,0,,
Baron 4,AndriiN,4,6,6,0,,
Baron 4,sausagesky,5,6,6,0,,
Baron 4,eggmancs,6,6,4,1,-1,
Baron 4,tiffelvet,7,6,2,1,-1,
Baron 4,Diegaccio,8,0,0,0,-1,
Baron 5,Borman,1,6,12,0,1,0-1
Baron 5,refs,2,6,10,0,1,
Baron 5,Maharaj_JD,3,6,6,0,,
Baron 5,Ulyssess,4,6,6,0,,
Baron 5,SKJaCaRD,5,6,4,0,,
Baron 5,Gr33ny,6,6,2,0,-1,
Baron 5,Carbon14,7,6,2,0,-1,
Baron 5,samgreco,8,0,0,0,-1,
Baron 6,tongtong,1,6,8,0,1,
Baron 6,StonedHenge420,2,6,8,0,1,
Baron 6,Adrianobf,3,6,6,0,,
Baron 6,Bromios,4,6,6,0,,
Baron 6,FunkcniPC,5,6,6,0,,
Baron 6,Wennejoekel,6,6,6,0,-1,
Baron 6,Tukhachevsky,7,6,2,0,-1,
Baron 6,mindphaser,8,0,0,0,-1,
Baron 7,hypodg,1,7,12,0,1,
Baron 7,Taeveren,2,7,10,0,1,
Baron 7,Bigwellow,3,7,8,0,,
Baron 7,Likas11,4,7,8,1,,
Baron 7,HopeForLuck,5,7,8,0,,
Baron 7,Levia,6,7,6,0,-1,
Baron 7,BerdBlond,7,7,4,0,-1,
Baron 7,backspace,8,7,0,1,-1,
Baron 8,CrushU,1,7,12,0,1,
Baron 8,Evron,2,7,10,0,1,
Baron 8,Serena,3,7,8,1,,
Baron 8,Dubz,4,7,8,0,,
Baron 8,Noash,5,7,6,0,,
Baron 8,Tyristan,6,7,6,0,-1,
Baron 8,pabula,7,7,4,0,-1,
Baron 8,Izio,8,7,2,0,-1,
Baron 9,bcnoexceptions,1,7,12,0,1,
Baron 9,etJake,2,7,10,0,1,
Baron 9,buttoxide,3,7,8,0,,
Baron 9,SeanHandley,4,7,7,0,,
Baron 9,zalarg,5,7,6,0,,
Baron 9,akira215,6,7,5,0,-1,
Baron 9,Jocik,7,7,4,0,-1,
Baron 9,Chriiiss,8,7,4,0,-1,
Baron 10,MikeyLear,1,7,12,0,1,
Baron 10,GangwonTeacher,2,7,10,0,1,
Baron 10,Prashanth,3,7,8,0,,
Baron 10,taltal,4,7,6,0,,
Baron 10,TAOxEagle,4,7,6,0,,
Baron 10,LhuCaS,4,7,6,0,,
Baron 10,Ragnard,7,7,4,0,-1,
Baron 10,botenmaru82,8,7,4,0,-1,
Baron 11,schwam,1,7,14,0,1,0-1
Baron 11,Darek79,2,7,10,0,1,
Baron 11,Bulten,3,7,8,0,,
Baron 11,Minde,4,7,6,0,,
Baron 11,HolyOutlaw,4,7,6,0,,
Baron 11,Diogenes,4,7,6,0,,
Baron 11,eaguirre,7,7,4,0,-1,
Baron 11,mahlerian_shadow,8,7,2,0,-1,
Baron 12,Pat_the_Cat,1,7,12,0,1,
Baron 12,Gerti,2,7,10,0,1,
Baron 12,jSan,3,7,10,0,,
Baron 12,Enas,4,7,6,0,,
Baron 12,firlefanzer,5,7,6,0,,
Baron 12,markosalaplaya,6,7,5,0,-1,
Baron 12,Nevic,7,7,4,0,-1,
Baron 12,Bonneville22,8,7,3,0,-1,
Baron 13,TBC,1,6,10,0,1,
Baron 13,Raffaello,2,6,10,0,1,
Baron 13,TheElk,3,6,6,0,,
Baron 13,lol1,3,6,6,0,,
Baron 13,mooscolly,3,6,6,0,,
Baron 13,woodabooga,6,6,4,1,-1,
Baron 13,abobey,7,6,0,0,-1,
Baron 13,Enki,8,0,0,0,-1,
Baron 14,Snucka,1,7,12,0,1,
Baron 14,RiRu,2,7,8,0,1,
Baron 14,vbogoev,2,7,8,0,1,
Baron 14,BeetleJuice,2,7,8,1,1,
Baron 14,Frygian,5,7,6,0,,
Baron 14,maumastoks,6,7,6,0,-1,
Baron 14,RedMadMike,7,7,6,0,-1,
Baron 14,weed14,8,7,2,0,-1,
Baron 15,Rajeev,1,6,12,0,2,1-0
Baron 15,Nostradamus5321,2,6,8,0,1,
Baron 15,Proteus,3,6,6,0,,
Baron 15,albinsix,4,6,6,0,,
Baron 15,PacoHolliday,5,6,4,1,,
Baron 15,t-k-421,6,6,4,0,-1,
Baron 15,fli_pao,7,6,2,1,-1,
Baron 15,BlaueElise,8,0,0,0,-1,
Baron 16,jhamra,1,6,12,0,1,dnp
Baron 16,Mockingbird5,2,6,10,0,1,
Baron 16,Gandy,3,6,8,0,,
Baron 16,seviech,4,6,6,0,,
Baron 16,Pulpecja,5,6,4,0,,
Baron 16,metternich,6,6,2,0,-1,
Baron 16,RoboKay314,7,6,0,0,-1,
Baron 16,florian629,8,0,0,0,-1,
Baron 17,dim,1,6,10,0,1,
Baron 17,HomerJr,2,6,10,0,1,
Baron 17,Mephist,3,6,8,0,,
Baron 17,joniboni,4,6,6,0,,
Baron 17,vgiannog,5,6,4,0,,
Baron 17,powerbigoud,6,6,4,0,-1,
Baron 17,OrionAlpha,7,6,0,0,-1,
Baron 17,Nucrus,8,0,0,0,-1,
Baron 18,Hisbossness,1,6,12,0,2,autowin
Baron 18,martinxjames,2,6,8,0,1,
Baron 18,broskiumenyiora,3,6,6,0,,
Baron 18,greyshade,4,6,6,0,,
Baron 18,filgonfin,5,6,4,0,,
Baron 18,Francesco1812,6,6,4,0,-1,
Baron 18,Biggi86,7,6,2,0,-1,
Baron 18,GrafZahl,8,0,0,0,-1,
Baron 19,Masterchief,1,7,12,0,1,
Baron 19,Davidmel,2,7,10,1,1,
Baron 19,jsjsj,3,7,10,0,,
Baron 19,wartin,4,7,8,0,,
Baron 19,Pshemo,5,7,6,0,,
Baron 19,MaxBoomer,6,7,4,0,-1,
Baron 19,Netrom,7,7,4,0,-1,
Baron 19,KTown,8,7,2,0,-1,
Baron 20,_sleepwalker,1,6,12,0,1,0-1
Baron 20,boogy5,2,6,6,0,1,"2-1, 1-0"
Baron 20,ZioKhan,3,6,6,0,,"2-1, 0-1"
Baron 20,Loveschack,4,6,6,0,,"1-2, 1-0"
Baron 20,HansBugge,5,6,6,0,,"1-2, 0-1"
Baron 20,Joppur,6,6,4,0,-1,
Baron 20,EugeneB,7,6,2,0,-1,
Baron 20,Igordol,8,0,0,0,-1,
Baron 21,phoang,1,7,14,0,2,1-0
Baron 21,Rolls.Royal,2,7,12,0,1,
Baron 21,gabev,3,7,8,0,,
Baron 21,Helen-the-great,4,7,6,0,,
Baron 21,jhutc,5,7,6,0,,
Baron 21,dmhalford,6,7,4,0,-1,
Baron 21,Froggy42,7,7,4,0,-1,
Baron 21,Piotr33,8,7,2,0,-1,
Knight 1,xyx,1,6,12,0,1,1-1
Knight 1,BelieveDream,2,6,10,0,1,
Knight 1,Eyswein,3,6,6,0,,
Knight 1,Rajasands,4,6,6,1,,
Knight 1,TheYoungDutch,5,6,4,0,,
Knight 1,KapitanTom,6,6,4,0,,
Knight 1,Kruch,8,6,0,0,,
Knight 1,KingMomo,7,0,0,0,,
Knight 2,mushan,1,7,14,0,2,2-0
Knight 2,Gwyneraim,2,7,12,0,1,
Knight 2,Rebel_Rebs,3,7,10,0,,
Knight 2,MarcoM,4,7,8,0,,
Knight 2,Stupidstupidrat,5,7,4,0,,
Knight 2,AnBeLi3v4bLe,5,7,4,0,,
Knight 2,Vegeta4791,5,7,4,0,,
Knight 2,JS619,8,7,0,1,,
Knight 3,dannymcbride,1,5,10,0,1,0-2
Knight 3,Romulus07,2,5,6,0,1,
Knight 3,demainlesdauphins,2,5,6,0,1,
Knight 3,GWItheUltimate,2,5,6,1,1,
Knight 3,Amarok,5,5,2,0,,
Knight 3,ndzwdz,8,5,0,0,,
Knight 3,Oso,6,0,0,0,,
Knight 3,Kacperniak,7,0,0,0,,
Knight 4,chen.,1,7,12,0,1,
Knight 4,Michal_Kossakowski,2,7,10,0,1,
Knight 4,Igelkotten,3,7,10,0,,
Knight 4,zackg,4,7,6,0,,
Knight 4,KubikD,5,7,6,0,,
Knight 4,Hampsink,6,7,4,0,,
Knight 4,Ankaru,7,7,4,0,,
Knight 4,Martin2021,8,7,4,0,,
Knight 5,Tmer,1,5,8,0,1,
Knight 5,humanmoves,2,5,6,0,1,
Knight 5,CJcj,3,5,6,0,,
Knight 5,SnowGolem,4,5,4,0,,
Knight 5,Jived,5,5,4,0,,
Knight 5,Jacko65,6,5,2,0,,
Knight 5,Math4u,7,0,0,0,,
Knight 5,Raphi,8,0,0,0,,
Knight 6,NicolBolas,1,5,10,0,2,1-0
Knight 6,Rick80,2,5,8,0,1,
Knight 6,Valec,3,5,6,0,,
Knight 6,Mirceamsc1,4,5,4,0,,
Knight 6,NerAlgert,5,5,2,0,,
Knight 6,fraction,8,5,0,2,,
Knight 6,FilipDabrowski,6,0,0,0,,
Knight 6,matti5215,7,0,0,0,,
Knight 7,BeatrixAnd,1,6,12,0,1,0-1
Knight 7,NozoEli,2,6,10,0,1,
Knight 7,sirlenon,3,6,8,0,,
Knight 7,CuteAnn,4,6,4,1,,
Knight 7,Horsard,5,6,4,0,,
Knight 7,Exile,6,6,2,0,,
Knight 7,Sopelek,7,6,2,1,,
Knight 7,wejejeei,8,0,0,0,,
Knight 8,Tings,1,7,14,0,1,dnp
Knight 8,RJonkers,2,7,8,0,1,
Knight 8,kev5047,3,7,8,1,,
Knight 8,Partyshank,4,7,6,0,,
Knight 8,gutibudoka,4,7,6,0,,
Knight 8,michasz,4,7,6,0,,
Knight 8,Icarium,7,7,4,0,,
Knight 8,FuManchu,8,7,4,0,,
Knight 9,Noa1,1,6,12,0,1,0-2
Knight 9,peppe76,2,6,10,1,1,
Knight 9,Kozzie,3,6,6,0,,
Knight 9,Hashlerka,4,6,6,0,,
Knight 9,eotta,5,6,4,0,,
Knight 9,Tenebrane,6,6,2,2,,
Knight 9,LadyValaria,7,6,2,0,,
Knight 9,Hokingfai,8,0,0,0,,
Knight 10,yaop,1,6,12,0,2,2-0
Knight 10,prozio,2,6,8,0,1,
Knight 10,tysat,3,6,6,0,,
Knight 10,Nikauw,4,6,6,0,,
Knight 10,DancingQuinn,5,6,4,0,,
Knight 10,bobcatbob,6,6,4,0,,
Knight 10,Caracalla,7,6,2,0,,
Knight 10,Althaj,8,0,0,0,,
Knight 11,Bulb,1,7,12,0,1,
Knight 11,mowangfeng,2,7,10,0,1,
Knight 11,JensIV,3,7,10,0,,
Knight 11,Polldrake,4,7,8,0,,
Knight 11,icepick_mn,5,7,6,0,,
Knight 11,Tietzsche,6,7,4,0,,
Knight 11,CuJ,7,7,4,0,,
Knight 11,Frabac,8,7,2,1,,
Knight 12,mikemast,1,6,10,0,1,
Knight 12,xeveli,2,6,10,0,1,
Knight 12,Lindoro,3,6,6,0,,
Knight 12,marizee412,4,6,6,0,,
Knight 12,IrenaX,5,6,4,0,,
Knight 12,KTMatthews,6,6,4,0,,
Knight 12,szesophie,7,6,2,0,,
Knight 12,M.T,8,0,0,0,,
Knight 13,sunian,1,7,14,0,1,1-1
Knight 13,gaitimes,2,7,12,0,1,
Knight 13,Mikeski,3,7,8,0,,
Knight 13,Chrono_,4,7,6,0,,
Knight 13,Tonino,5,7,6,0,,
Knight 13,Atomtomate,6,7,4,2,,
Knight 13,Daze,7,7,4,3,,
Knight 13,Pancake1,8,7,2,3,,
Knight 14,Cogito3,1,7,14,0,1,1-1
Knight 14,ysiad,2,7,10,0,1,
Knight 14,Muning,3,7,10,0,,
Knight 14,Francis88,4,7,6,0,,
Knight 14,J-dog,5,7,6,0,,
Knight 14,mazir,6,7,4,1,,
Knight 14,pj79,7,7,4,0,,
Knight 14,Franzy,8,7,2,0,,
Knight 15,Hot.Cocoa,1,7,11,0,1,
Knight 15,Shiffdog,2,7,9,0,1,
Knight 15,betweenworlds,3,7,8,1,,
Knight 15,RobinTheDragon,4,7,8,0,,
Knight 15,Andreasp88,5,7,8,0,,
Knight 15,Saish,6,7,6,0,,
Knight 15,Wiktor,7,7,4,0,,
Knight 15,FiveGee,8,7,2,1,,
Knight 16,lcj,1,6,12,0,1,0-2
Knight 16,fantasyyu,2,6,10,0,1,
Knight 16,NRoy,3,6,8,0,,
Knight 16,LukeSpraywalker,4,6,6,0,,
Knight 16,ZacDeMundo,5,6,4,0,,
Knight 16,Mitchum,6,6,2,0,,
Knight 16,valvonauta,7,6,0,0,,
Knight 16,cultro,8,0,0,0,,
Knight 17,redantx,1,6,10,0,1,
Knight 17,irule,2,6,10,0,1,
Knight 17,Bathman,3,6,8,0,,
Knight 17,Midyat,4,6,6,0,,
Knight 17,szyszuniawiesz,5,6,6,0,,
Knight 17,Nitrosaurus24,6,6,2,0,,
Knight 17,Dimitris,7,6,0,1,,
Knight 17,metalal,8,0,0,0,,
Knight 18,ZwzwNzw,1,7,12,0,1,
Knight 18,al_boev,2,7,10,1,1,
Knight 18,Ilidur,3,7,10,0,,
Knight 18,Moxielle,4,7,8,0,,
Knight 18,Buiz,5,7,8,0,,
Knight 18,Everex,6,7,4,0,,
Knight 18,Samantho,7,7,2,0,,
Knight 18,mariyka,8,7,2,0,,
Knight 19,littlesquirrel,1,6,12,0,2,2-0
Knight 19,Jesaphi,2,6,8,0,1,
Knight 19,Monik,3,6,8,0,,
Knight 19,ClaridadNocturna,4,6,6,0,,
Knight 19,vratia,5,6,6,1,,
Knight 19,DBaker17,6,6,2,0,,
Knight 19,Moskbnea,7,6,0,0,,
Knight 19,Ado,8,0,0,0,,
Knight 20,WowaduHek,1,7,14,0,1,0-1
Knight 20,Garghiii,2,7,10,0,1,
Knight 20,Ayakonutty,3,7,8,0,,
Knight 20,Andreyko2003,4,7,6,0,,
Knight 20,Copocioff,4,7,6,2,,
Knight 20,nchoong,4,7,6,0,,
Knight 20,andykr,7,7,4,0,,
Knight 20,alcardonac,8,7,2,0,,
Knight 21,xiaoduan,1,7,14,0,1,dnp
Knight 21,Joshweiss789,2,7,12,0,1,
Knight 21,javimb89,3,7,8,0,,
Knight 21,bambi4,4,7,8,0,,
Knight 21,1977dragon,5,7,6,0,,
Knight 21,SullyWully,6,7,4,0,,
Knight 21,WraightCZ,7,7,4,0,,
Knight 21,Batallon,8,7,0,0,,
Knight 22,zhenshide,1,6,12,0,2,1-0
Knight 22,ReneTTA,2,6,8,0,1,
Knight 22,Jochabeth,3,6,6,0,,
Knight 22,Tutux,4,6,6,1,,
Knight 22,Claudius74,5,6,4,0,,
Knight 22,Dunketelin,6,6,4,0,,
Knight 22,Panxo,7,6,2,0,,
Knight 22,pepinecko,8,0,0,0,,
Knight 23,Rob51,1,6,10,0,1,
Knight 23,maunzzz,2,6,10,0,1,
Knight 23,Kozzilla,3,6,6,1,,
Knight 23,LeSauvage,4,6,6,0,,
Knight 23,FabioMP,5,6,4,1,,
Knight 23,Asperins,6,6,4,0,,
Knight 23,Sirovec,7,6,2,0,,
Knight 23,MikeyB,8,0,0,0,,